cdp id,WOWO coll,EARLY coll,LSULP coll,xwBTC coll,HUG coll,XRD coll,xUSDT coll,xUSDC coll,xETH coll,WOWO loan,EARLY loan,LSULP loan,xwBTC loan,HUG loan,XRD loan,xUSDT loan,xUSDC loan,xETH loan,WOWO coll value,EARLY coll value,LSULP coll value,xwBTC coll value,HUG coll value,XRD coll value,xUSDT coll value,xUSDC coll value,xETH coll value,WOWO loan value,EARLY loan value,LSULP loan value,xwBTC loan value,HUG loan value,XRD loan value,xUSDT loan value,xUSDC loan value,xETH loan value,coll total value,loan total value,net value
#1#,0.0,0.0,1541022.6540027407,0.0,0.0,0.0,608.5363678518187,0.0,0.0,0.0,0.0,0.0,-9.28838038177764e-09,0.0,-691303.2079121342,0.0,-7.350518469224884e-05,0.0,0.0,0.0,38222.452125298674,0.0,0.0,0.0,608.5363678518187,0.0,0.0,0.0,0.0,0.0,-0.0008673582484307778,0.0,-15627.600318061708,0.0,-7.350518469224884e-05,0.0,38830.98849315049,-15627.60125892514,23203.387234225353
#2#,317.61607141226034,657.3452449592969,15852.448538081826,0.0,20050256.345262572,0.0,0.0,0.0,0.4996511727885295,0.0,0.0,0.0,0.0,0.0,0.0,-6.839987018689501e-07,-1.076711984363068,0.0,0.20728743464167626,2.321123660099289,393.1930875524403,0.0,513.5391555681595,0.0,0.0,0.0,0.0,0.0,0.0,0.0,0.0,0.0,0.0,-6.839987018689501e-07,-1.076711984363068,0.0,909.2606542153408,-1.0767126683617698,908.183941546979
#3#,475.0,0.0,18.000124021806744,5.124063668054285e-06,1.0,10.001911041021636,0.26219931607153496,0.5094482472272586,0.00040062612811867497,0.0,0.0,0.0,0.0,0.0,0.0,-3.6079720939610147e-06,0.0,0.0,0.3100017295,0.0,0.4464625337504761,0.4784901893865772,2.5612597999999997e-05,0.2261032009933351,0.26219931607153496,0.5094482472272586,0.0,0.0,0.0,0.0,0.0,0.0,0.0,-3.6079720939610147e-06,0.0,0.0,2.232730829527182,-3.6079720939610147e-06,2.232727221555088
#4#,0.0,0.0,0.0,0.0,0.0,0.0009590972388652595,3.834753684753108,0.0,0.0,0.0,0.0,0.0,0.0,0.0,0.0,-9.578647416081901e-06,0.0,0.0,0.0,0.0,0.0,0.0,0.0,2.1681352181788057e-05,3.834753684753108,0.0,0.0,0.0,0.0,0.0,0.0,0.0,0.0,-9.578647416081901e-06,0.0,0.0,3.8347753661052897,-9.578647416081901e-06,3.8347657874578736
#5#,0.0,419968.537535972,2106969.554892929,0.0,120553904.76449667,0.0,0.0,0.0,1.8948055812372742,0.0,0.0,-0.0026557766275978737,0.0,0.0,-244974.7925451214,0.0,-1.210713129388868,0.0,0.0,1482.9329282398644,52259.80470317836,0.0,3087.6987000633376,0.0,0.0,0.0,0.0,0.0,0.0,-6.587203292578356e-05,0.0,0.0,-5537.900160275015,0.0,-1.210713129388868,0.0,56830.43633148156,-5539.1109392764365,51291.32539220512
#6#,1101546.3563478775,183446.09176428366,1791059.0452361281,0.0,107575746.98091462,0.0,1978.311304569786,10018.932383001395,0.0,0.0,0.0,0.0,0.0,0.0,-802498.0790945675,-1.043524214109627e-06,-3.647441926552609e-07,0.0,718.9079486152955,647.7586431361345,44424.180548094206,0.0,2755.2943619718794,0.0,1978.311304569786,10018.932383001395,0.0,0.0,0.0,0.0,0.0,0.0,-18141.271576011794,-1.043524214109627e-06,-3.647441926552609e-07,0.0,60543.3851893887,-18141.271577420062,42402.113611968634
#7#,0.0,0.0,0.0,0.0,0.0,0.0,0.0,0.0,0.0,0.0,0.0,0.0,0.0,0.0,0.0,0.0,0.0,0.0,0.0,0.0,0.0,0.0,0.0,0.0,0.0,0.0,0.0,0.0,0.0,0.0,0.0,0.0,0.0,0.0,0.0,0.0,0.0,0.0,0.0
#8#,0.0,0.0,0.0,0.0,0.0,0.0,0.0,0.0,0.0,0.0,0.0,0.0,0.0,0.0,0.0,0.0,0.0,0.0,0.0,0.0,0.0,0.0,0.0,0.0,0.0,0.0,0.0,0.0,0.0,0.0,0.0,0.0,0.0,0.0,0.0,0.0,0.0,0.0,0.0
#9#,0.0,0.0,0.0,0.0145126968969357,0.0,8012.975836046415,332.4554396000475,369.5859218846928,0.0,0.0,0.0,0.0,-5.278735790275366e-08,0.0,0.0,-6.801370811920569e-08,-1.5050172270415994e-06,-9.920874980864733e-08,0.0,0.0,0.0,1355.2101489327526,0.0,181.14133174966526,332.4554396000475,369.5859218846928,0.0,0.0,0.0,0.0,-0.004929336268317039,0.0,0.0,-6.801370811920569e-08,-1.5050172270415994e-06,0.0,2238.392842167158,-0.0049309092992522,2238.387911257859
#10#,0.0,0.0,0.0,0.0,0.0,0.0,0.0,0.0,0.0,0.0,0.0,0.0,0.0,0.0,0.0,0.0,0.0,0.0,0.0,0.0,0.0,0.0,0.0,0.0,0.0,0.0,0.0,0.0,0.0,0.0,0.0,0.0,0.0,0.0,0.0,0.0,0.0,0.0,0.0
#11#,0.0,0.0,0.0,0.0,162128.24871401148,0.0,0.0,0.0,0.0,0.0,0.0,0.0,0.0,0.0,0.0,0.0,0.0,0.0,0.0,0.0,0.0,0.0,4.152525658755993,0.0,0.0,0.0,0.0,0.0,0.0,0.0,0.0,0.0,0.0,0.0,0.0,0.0,4.152525658755993,0.0,4.152525658755993
#12#,0.0,0.0,0.0,0.0,33000000.0,0.8568529036076441,0.0,300.93858643934374,0.0,0.0,0.0,0.0,0.0,0.0,0.0,0.0,-5.1684363259138016e-05,0.0,0.0,0.0,0.0,0.0,845.2157339999999,0.019370016738954405,0.0,300.93858643934374,0.0,0.0,0.0,0.0,0.0,0.0,0.0,0.0,-5.1684363259138016e-05,0.0,1146.1736904560826,-5.1684363259138016e-05,1146.1736387717192
#13#,0.0,0.0,0.0,0.0,0.0,0.0,0.0,0.0,0.0,0.0,0.0,0.0,0.0,0.0,0.0,0.0,0.0,0.0,0.0,0.0,0.0,0.0,0.0,0.0,0.0,0.0,0.0,0.0,0.0,0.0,0.0,0.0,0.0,0.0,0.0,0.0,0.0,0.0,0.0
#14#,0.0,0.0,0.0,0.0,0.0,0.0,0.0,0.0,0.0,0.0,0.0,0.0,0.0,0.0,0.0,0.0,0.0,0.0,0.0,0.0,0.0,0.0,0.0,0.0,0.0,0.0,0.0,0.0,0.0,0.0,0.0,0.0,0.0,0.0,0.0,0.0,0.0,0.0,0.0
#15#,0.0,0.0,90001.624981222,0.0,110696049.71465683,0.0,0.0,0.0,0.0,0.0,0.0,-80033.2561394028,0.0,0.0,0.0,0.0,0.0,0.0,0.0,0.0,2232.337592901944,0.0,2835.2134215295196,0.0,0.0,0.0,0.0,0.0,0.0,-1985.0891181088693,0.0,0.0,0.0,0.0,0.0,0.0,5067.551014431463,-1985.0891181088693,3082.461896322594
#16#,0.0,0.0,0.0,0.0,5000000.0,0.0,0.0,0.0,0.0,0.0,0.0,0.0,0.0,0.0,0.0,0.0,0.0,0.0,0.0,0.0,0.0,0.0,128.06298999999999,0.0,0.0,0.0,0.0,0.0,0.0,0.0,0.0,0.0,0.0,0.0,0.0,0.0,128.06298999999999,0.0,128.06298999999999
#17#,0.0,0.0,0.0,0.0,0.0,0.0,0.0,0.0006637893613857456,0.0,0.0,0.0,0.0,0.0,0.0,0.0,0.0,0.0,0.0,0.0,0.0,0.0,0.0,0.0,0.0,0.0,0.0006637893613857456,0.0,0.0,0.0,0.0,0.0,0.0,0.0,0.0,0.0,0.0,0.0006637893613857456,0.0,0.0006637893613857456
#18#,0.0,0.0,0.0,0.0,5346256.8427154245,112015.41212878205,0.0,0.0,0.0,0.0,0.0,0.0,0.0,0.0,0.0,0.0,0.0,0.0,0.0,0.0,0.0,0.0,136.93152731721938,2532.220406583247,0.0,0.0,0.0,0.0,0.0,0.0,0.0,0.0,0.0,0.0,0.0,0.0,2669.1519339004662,0.0,2669.1519339004662
#19#,0.0,0.0,50001.27235337887,0.0,6767982.87837672,0.0,0.0,0.0,0.0,0.0,0.0,0.0,0.0,0.0,-20095.853105812916,0.0,-31.64769152782151,0.0,0.0,0.0,1240.1967185666335,0.0,173.3456247347458,0.0,0.0,0.0,0.0,0.0,0.0,0.0,0.0,0.0,-454.2868553100068,0.0,-31.64769152782151,0.0,1413.5423433013793,-485.9345468378283,927.607796463551
#20#,0.0,0.0,0.0,0.0,353229010.2549549,0.0,0.0,0.0,0.0,0.0,0.0,0.0,0.0,0.0,-50435.21419782406,0.0,0.0,0.0,0.0,0.0,0.0,0.0,9047.112641598036,0.0,0.0,0.0,0.0,0.0,0.0,0.0,0.0,0.0,-1140.1384521560108,0.0,0.0,0.0,9047.112641598036,-1140.1384521560108,7906.974189442026
#21#,0.0,0.0,0.0,0.0,0.0,0.0,0.0,0.0,0.0,0.0,0.0,0.0,0.0,0.0,0.0,0.0,0.0,0.0,0.0,0.0,0.0,0.0,0.0,0.0,0.0,0.0,0.0,0.0,0.0,0.0,0.0,0.0,0.0,0.0,0.0,0.0,0.0,0.0,0.0
#22#,0.0,0.0,0.0,0.0,7873.7572482188725,0.0,0.0,0.0,0.0,0.0,0.0,0.0,0.0,0.0,-0.005835340488271404,0.0,-0.036045845846964714,0.0,0.0,0.0,0.0,0.0,0.20166737914821617,0.0,0.0,0.0,0.0,0.0,0.0,0.0,0.0,0.0,-0.00013191370707786335,0.0,-0.036045845846964714,0.0,0.20166737914821617,-0.03617775955404258,0.16548961959417358
#23#,0.0,0.0,0.0,0.0013613006667316865,0.0,0.0,198.32828001460436,0.0,0.0,0.0,0.0,0.0,0.0,0.0,-1.9892546119716673e-09,0.0,-0.001123532027743019,0.0,0.0,0.0,0.0,127.11961756007162,0.0,0.0,198.32828001460436,0.0,0.0,0.0,0.0,0.0,0.0,0.0,-4.4969089758231514e-11,0.0,-0.001123532027743019,0.0,325.44789757467595,-0.0011235320727121087,325.44677404260324
#24#,0.0,0.0,0.0,0.0,0.0,0.0,0.0,0.0,0.0,0.0,0.0,0.0,0.0,0.0,0.0,0.0,0.0,0.0,0.0,0.0,0.0,0.0,0.0,0.0,0.0,0.0,0.0,0.0,0.0,0.0,0.0,0.0,0.0,0.0,0.0,0.0,0.0,0.0,0.0
#25#,419956.244255214,266060.58681802964,1531917.8614445988,0.0,45317592.49959147,50096.62130597811,0.0,0.0,0.0,0.0,0.0,0.0,0.0,0.0,0.0,0.0,-18619.56205696178,0.0,274.07823585987535,939.4751507200288,37996.62319490597,0.0,1160.7012790198514,1132.4842212429412,0.0,0.0,0.0,0.0,0.0,0.0,0.0,0.0,0.0,0.0,-18619.56205696178,0.0,41503.362081748666,-18619.56205696178,22883.800024786888
#26#,0.0,0.0,0.0,0.0,0.0,18510.798820330743,403.15755156098373,8.131925143623981e-05,0.0,0.0,0.0,0.0,0.0,0.0,0.0,-7.76310462860562e-05,-404.4171008916091,0.0,0.0,0.0,0.0,0.0,0.0,418.4551181323968,403.15755156098373,8.131925143623981e-05,0.0,0.0,0.0,0.0,0.0,0.0,0.0,-7.76310462860562e-05,-404.4171008916091,0.0,821.612751012632,-404.4171785226554,417.1955724899766
#27#,12684.091186781217,0.0,32005.1620627024,0.0,0.0,100003.06692654145,0.0,0.0,0.0,0.0,0.0,0.0,0.0,0.0,0.0,0.0,-1400.30657959478,0.0,8.278084642185021,0.0,793.833738606345,0.0,0.0,2260.669330941396,0.0,0.0,0.0,0.0,0.0,0.0,0.0,0.0,0.0,0.0,-1400.30657959478,0.0,3062.781154189926,-1400.30657959478,1662.474574595146
#28#,0.0,0.0,0.0,0.0,44531.597455918876,0.0,0.0,0.0,0.0,0.0,0.0,0.0,0.0,0.0,0.0,0.0,-0.4323766488357017,0.0,0.0,0.0,0.0,0.0,1.1405699039362727,0.0,0.0,0.0,0.0,0.0,0.0,0.0,0.0,0.0,0.0,0.0,-0.4323766488357017,0.0,1.1405699039362727,-0.4323766488357017,0.708193255100571
#29#,0.0,0.0,520121.5966223885,0.0,21547467.80991436,0.0,0.0,0.0,0.0,0.0,0.0,0.0,0.0,0.0,-180820.85716896586,0.0,-5.935357312291813e-07,0.0,0.0,0.0,12900.733661893199,0.0,551.8866309332769,0.0,0.0,0.0,0.0,0.0,0.0,0.0,0.0,0.0,-4087.6362971616422,0.0,-5.935357312291813e-07,0.0,13452.620292826476,-4087.636297755178,9364.983995071298
#30#,0.0,0.0,0.0,0.0,8108090.70703508,22545.969500855113,0.0,0.0,0.0,0.0,0.0,0.0,0.0,0.0,0.0,0.0,-322.2471985298118,0.0,0.0,0.0,0.0,0.0,207.66926782682523,509.6741865363307,0.0,0.0,0.0,0.0,0.0,0.0,0.0,0.0,0.0,0.0,-322.2471985298118,0.0,717.343454363156,-322.2471985298118,395.0962558333442
#31#,386813.496800141,0.0,0.0,0.0,56504257.45182281,100012.77007393021,0.0,1003.3939851296225,0.0,0.0,0.0,0.0,0.0,0.0,-0.007990945322730187,0.0,-417.75839097024704,0.0,252.44811158312933,0.0,0.0,0.0,1447.2208314020418,2260.8886802912666,0.0,1003.3939851296225,0.0,0.0,0.0,0.0,0.0,0.0,-0.00018064330996563863,0.0,-417.75839097024704,0.0,4963.951608406061,-417.758571613557,4546.193036792503
#32#,0.0,0.0,0.0,0.0,0.0,0.0,0.0,10253.572565382627,0.0,0.0,0.0,0.0,0.0,0.0,0.0,0.0,0.0,0.0,0.0,0.0,0.0,0.0,0.0,0.0,0.0,10253.572565382627,0.0,0.0,0.0,0.0,0.0,0.0,0.0,0.0,0.0,0.0,10253.572565382627,0.0,10253.572565382627
#33#,0.0,0.0,0.0,0.0,42945.645916180125,115.8307383426543,0.0,0.0,0.0,0.0,0.0,0.0,0.0,0.0,0.0,0.0,0.0,0.0,0.0,0.0,0.0,0.0,1.0999495647014632,2.618469670974043,0.0,0.0,0.0,0.0,0.0,0.0,0.0,0.0,0.0,0.0,0.0,0.0,3.7184192356755066,0.0,3.7184192356755066
#34#,9512.757637806377,0.0,0.0,0.0,282211.9224367428,14200.41730509493,0.0,0.0,0.0,0.0,0.0,0.0,0.0,0.0,0.0,0.0,-145.03124088511626,0.0,6.208360673756445,0.0,0.0,0.0,7.228180520179473,321.014633598976,0.0,0.0,0.0,0.0,0.0,0.0,0.0,0.0,0.0,0.0,-145.03124088511626,0.0,334.4511747929119,-145.03124088511626,189.41993390779564
#35#,301561.1025757769,0.0,311564.19015732524,0.0,200642622.84528425,0.0,0.0,0.0,0.0,0.0,0.0,0.0,0.0,0.0,-245709.40432464512,0.0,-497.31298883156774,0.0,196.80939652298474,0.0,7727.821074734594,0.0,5138.9788406018815,0.0,0.0,0.0,0.0,0.0,0.0,0.0,0.0,0.0,-5554.506794162928,0.0,-497.31298883156774,0.0,13063.60931185946,-6051.819782994496,7011.789528864964
#36#,0.0,0.0,0.0,0.0,0.0,1460.2428216730525,0.0,0.0,0.0,0.0,0.0,0.0,0.0,0.0,-439.8838494128655,0.0,-3.876763939213047,0.0,0.0,0.0,0.0,0.0,0.0,33.010249226741024,0.0,0.0,0.0,0.0,0.0,0.0,0.0,0.0,-9.944014299827238,0.0,-3.876763939213047,0.0,33.010249226741024,-13.820778239040285,19.189470987700737
#37#,44947.55225773349,0.0,0.0,0.0,0.0,0.0,0.0,0.0,0.0,0.0,0.0,0.0,0.0,0.0,0.0,0.0,0.0,0.0,29.334355656187395,0.0,0.0,0.0,0.0,0.0,0.0,0.0,0.0,0.0,0.0,0.0,0.0,0.0,0.0,0.0,0.0,0.0,29.334355656187395,0.0,29.334355656187395
#38#,0.0,0.0,8638.095612070583,0.0,52009056.47651703,0.0,0.0,0.0,0.0,0.0,0.0,-8550.155019902895,0.0,0.0,0.0,-0.0010890977491389876,-0.00028128696235832736,0.0,0.0,0.0,214.25330453677626,0.0,1332.087055892327,0.0,0.0,0.0,0.0,0.0,0.0,-212.07208736565354,0.0,0.0,0.0,-0.0010890977491389876,-0.00028128696235832736,0.0,1546.3403604291034,-212.07345775036504,1334.2669026787385
#39#,0.0,0.0,0.0,0.0,0.0,0.0,0.0,0.0,0.0,0.0,0.0,0.0,0.0,0.0,0.0,0.0,0.0,0.0,0.0,0.0,0.0,0.0,0.0,0.0,0.0,0.0,0.0,0.0,0.0,0.0,0.0,0.0,0.0,0.0,0.0,0.0,0.0,0.0,0.0
#40#,0.0,0.0,0.0,0.0,2911042.3222991787,0.0,0.0,0.0,0.0,0.0,0.0,0.0,0.0,0.0,0.0,0.0,0.0,0.0,0.0,0.0,0.0,0.0,74.55935676203529,0.0,0.0,0.0,0.0,0.0,0.0,0.0,0.0,0.0,0.0,0.0,0.0,0.0,74.55935676203529,0.0,74.55935676203529
#41#,0.0,0.0,0.0,0.0,0.0,1108.9517430754568,0.0,0.0,0.0,0.0,0.0,0.0,-1.0077090992899734e-07,0.0,-1.2786243760252325e-06,-0.008513517491162732,-15.033253115108325,0.0,0.0,0.0,0.0,0.0,0.0,25.068963103963778,0.0,0.0,0.0,0.0,0.0,0.0,-0.009410088340079701,0.0,-2.8904582644426407e-08,-0.008513517491162732,-15.033253115108325,0.0,25.068963103963778,-15.05117674984415,10.017786354119629
#42#,0.0,0.0,220779.94083400062,0.0,0.0,708160.0143938484,0.0,0.0,0.0,0.0,0.0,0.0,0.0,0.0,-84049.53240426898,0.0,-10019.77871066398,0.0,0.0,0.0,5476.071812983779,0.0,0.0,16008.665285387337,0.0,0.0,0.0,0.0,0.0,0.0,0.0,0.0,-1900.0237295309046,0.0,-10019.77871066398,0.0,21484.737098371115,-11919.802440194886,9564.93465817623
#43#,0.0,0.0,0.0,0.0,0.0,0.0,0.0,0.0,0.0,0.0,0.0,0.0,0.0,0.0,0.0,0.0,0.0,0.0,0.0,0.0,0.0,0.0,0.0,0.0,0.0,0.0,0.0,0.0,0.0,0.0,0.0,0.0,0.0,0.0,0.0,0.0,0.0,0.0,0.0
#44#,0.0,0.0,0.0,0.0,0.0,150.17185492389578,0.0,0.0,0.0,0.0,0.0,0.0,0.0,0.0,0.0,0.0,0.0,0.0,0.0,0.0,0.0,0.0,0.0,3.394784952409588,0.0,0.0,0.0,0.0,0.0,0.0,0.0,0.0,0.0,0.0,0.0,0.0,3.394784952409588,0.0,3.394784952409588
#45#,0.0,0.0,0.0,0.0,24936834.684967,0.0,0.0,0.0,0.0,0.0,0.0,0.0,0.0,0.0,0.0,0.0,0.0,0.0,0.0,0.0,0.0,0.0,638.6971221785163,0.0,0.0,0.0,0.0,0.0,0.0,0.0,0.0,0.0,0.0,0.0,0.0,0.0,638.6971221785163,0.0,638.6971221785163
#46#,0.0,0.0,0.0,0.0,0.0,16.14336794375272,0.0,0.0,0.0,0.0,0.0,0.0,0.0,0.0,0.0,0.0,-0.2054606537579947,0.0,0.0,0.0,0.0,0.0,0.0,0.36493697573647405,0.0,0.0,0.0,0.0,0.0,0.0,0.0,0.0,0.0,0.0,-0.2054606537579947,0.0,0.36493697573647405,-0.2054606537579947,0.15947632197847936
#47#,8215285.480405694,500000.0,0.0,0.0,50000000.824626796,455460.10317408084,0.0,0.0,0.0,0.0,0.0,0.0,0.0,0.0,-255583.6230002787,0.0,-0.00011738974999280394,0.0,5361.584646867376,1765.5286,0.0,0.0,1280.6299211208345,10296.131092353273,0.0,0.0,0.0,0.0,0.0,0.0,0.0,0.0,-5777.7233815443005,0.0,-0.00011738974999280394,0.0,18703.874260341483,-5777.72349893405,12926.150761407433
#48#,0.0,0.0,0.0,0.0,40.59528281656624,0.0,0.0,0.0,0.0,0.0,0.0,0.0,0.0,0.0,0.0,0.0,-0.00014007632938587076,0.0,0.0,0.0,0.0,0.0,0.0010397506594770187,0.0,0.0,0.0,0.0,0.0,0.0,0.0,0.0,0.0,0.0,0.0,-0.00014007632938587076,0.0,0.0010397506594770187,-0.00014007632938587076,0.0008996743300911479
#49#,0.0,0.0,0.0,0.0,6.898510166046638,0.0,0.0,0.0,0.0,0.0,0.0,0.0,0.0,0.0,-0.0029502647125017314,0.0,0.0,0.0,0.0,0.0,0.0,0.0,0.00017668876768186576,0.0,0.0,0.0,0.0,0.0,0.0,0.0,0.0,0.0,-6.669368409081414e-05,0.0,0.0,0.0,0.00017668876768186576,-6.669368409081414e-05,0.00010999508359105162
#50#,0.0,0.0,0.0,0.0,0.0,0.0,0.0,0.0,0.0,0.0,0.0,0.0,0.0,0.0,0.0,0.0,0.0,0.0,0.0,0.0,0.0,0.0,0.0,0.0,0.0,0.0,0.0,0.0,0.0,0.0,0.0,0.0,0.0,0.0,0.0,0.0,0.0,0.0,0.0
#51#,0.0,0.0,0.0,0.0,15000000.0,410373.7814674054,0.0,0.0,0.0,0.0,0.0,0.0,0.0,0.0,0.0,-1175.4558587954386,-4155.472471479985,0.0,0.0,0.0,0.0,0.0,384.18897,9276.909703852167,0.0,0.0,0.0,0.0,0.0,0.0,0.0,0.0,0.0,-1175.4558587954386,-4155.472471479985,0.0,9661.098673852166,-5330.928330275424,4330.170343576742
#52#,0.0,0.0,0.0,0.0,0.0,5008.11513958653,0.0,0.0,0.0,0.0,0.0,0.0,0.0,0.0,0.0,0.0,0.0,0.0,0.0,0.0,0.0,0.0,0.0,113.2134508454931,0.0,0.0,0.0,0.0,0.0,0.0,0.0,0.0,0.0,0.0,0.0,0.0,113.2134508454931,0.0,113.2134508454931
#53#,0.0,0.0,0.0,0.0,0.0,15024.34541406859,0.0,0.0,0.0,0.0,0.0,0.0,0.0,0.0,0.0,0.0,0.0,0.0,0.0,0.0,0.0,0.0,0.0,339.6403524304346,0.0,0.0,0.0,0.0,0.0,0.0,0.0,0.0,0.0,0.0,0.0,0.0,339.6403524304346,0.0,339.6403524304346
#54#,0.0,0.0,0.0,0.0,0.0,500117.51763903623,0.0,0.0,0.0,0.0,0.0,0.0,-1.3330767455519177e-08,0.0,0.0,0.0,-3407.0024118611354,0.0,0.0,0.0,0.0,0.0,0.0,11305.656603748053,0.0,0.0,0.0,0.0,0.0,0.0,-0.0012448403957638363,0.0,0.0,0.0,-3407.0024118611354,0.0,11305.656603748053,-3407.0036567015313,7898.652947046522
#55#,0.0,0.0,0.0,0.0,26685339.38018163,0.0,0.0,0.0,0.0,0.0,0.0,0.0,0.0,0.0,0.0,0.0,-204.03849550401446,0.0,0.0,0.0,0.0,0.0,683.4808700381611,0.0,0.0,0.0,0.0,0.0,0.0,0.0,0.0,0.0,0.0,0.0,-204.03849550401446,0.0,683.4808700381611,-204.03849550401446,479.44237453414667
#56#,0.0,0.0,0.0,0.015187164933069498,91507579.04582673,0.0,395.02274736231294,0.0,0.0,0.0,0.0,0.0,-0.00019240357583616237,0.0,-67214.35938847503,0.0,-0.5235710059189042,0.0,0.0,0.0,0.0,1418.1926486149628,2343.7468360539833,0.0,395.02274736231294,0.0,0.0,0.0,0.0,0.0,-17.96683831515668,0.0,-1519.4478083358665,0.0,-0.5235710059189042,0.0,4156.962232031259,-1537.938217656942,2619.024014374317
#57#,0.0,0.0,339993.86956220755,0.0,0.0,12930.8346208917,0.0,0.0,0.0,0.0,0.0,0.0,0.0,0.0,0.0,-614.5346945969609,-4378.307886362363,0.0,0.0,0.0,8432.971032892685,0.0,0.0,292.31444743987777,0.0,0.0,0.0,0.0,0.0,0.0,0.0,0.0,0.0,-614.5346945969609,-4378.307886362363,0.0,8725.285480332563,-4992.842580959325,3732.442899373238
#58#,0.0,0.0,0.0,0.0,0.0,30050.69281482702,0.0,0.0,0.0,0.0,0.0,0.0,0.0,0.0,0.0,0.0,0.0,0.0,0.0,0.0,0.0,0.0,0.0,679.3259617719797,0.0,0.0,0.0,0.0,0.0,0.0,0.0,0.0,0.0,0.0,0.0,0.0,679.3259617719797,0.0,679.3259617719797
#59#,0.0,0.0,0.0,0.0,0.0,0.9973213717729313,0.0,0.0,0.0,0.0,0.0,0.0,0.0,0.0,0.0,-3.366977063899614e-07,0.0,0.0,0.0,0.0,0.0,0.0,0.0,0.022545446930298887,0.0,0.0,0.0,0.0,0.0,0.0,0.0,0.0,0.0,-3.366977063899614e-07,0.0,0.0,0.022545446930298887,-3.366977063899614e-07,0.022545110232592497
#60#,0.0,0.0,0.0,0.0,0.0,135348.18352876027,0.0,0.0,0.0,0.0,0.0,0.0,0.0,0.0,0.0,0.0,0.0,0.0,0.0,0.0,0.0,0.0,0.0,3059.681036851155,0.0,0.0,0.0,0.0,0.0,0.0,0.0,0.0,0.0,0.0,0.0,0.0,3059.681036851155,0.0,3059.681036851155
#61#,0.0,0.0,0.0,0.0,1659392470.6138434,501535.4927391007,0.0,0.0,0.0,0.0,0.0,0.0,0.0,0.0,0.0,0.0,-5570.937965656903,0.0,0.0,0.0,0.0,0.0,42501.35227405918,11337.711348860112,0.0,0.0,0.0,0.0,0.0,0.0,0.0,0.0,0.0,0.0,-5570.937965656903,0.0,53839.06362291929,-5570.937965656903,48268.12565726239
#62#,899395.7394406517,0.0,263945.57962877187,0.0,0.0,1430.2431718781136,0.0,0.0,0.0,0.0,0.0,0.0,0.0,0.0,0.0,-0.0005721177622946695,-3143.7488714215247,0.0,586.9773362769124,0.0,6546.722239832173,0.0,0.0,32.33207714347664,0.0,0.0,0.0,0.0,0.0,0.0,0.0,0.0,0.0,-0.0005721177622946695,-3143.7488714215247,0.0,7166.031653252562,-3143.749443539287,4022.2822097132753
#63#,0.0,0.0,0.0,0.0,303000000.0,0.0,0.0,0.0,0.0,0.0,0.0,0.0,0.0,0.0,0.0,0.0,0.0,0.0,0.0,0.0,0.0,0.0,7760.6171939999995,0.0,0.0,0.0,0.0,0.0,0.0,0.0,0.0,0.0,0.0,0.0,0.0,0.0,7760.6171939999995,0.0,7760.6171939999995
#64#,0.0,0.0,0.0,0.0,1326256.3924872968,0.0,0.0,0.0,0.0,0.0,0.0,0.0,0.0,0.0,0.0,0.0,0.0,0.0,0.0,0.0,0.0,0.0,33.96887182570735,0.0,0.0,0.0,0.0,0.0,0.0,0.0,0.0,0.0,0.0,0.0,0.0,0.0,33.96887182570735,0.0,33.96887182570735
#65#,0.0,0.0,0.0,0.0,0.0,2.1737685978926153e-07,0.0,0.0,0.0,0.0,0.0,0.0,0.0,0.0,0.0,0.0,-2.4372092913408482e-09,0.0,0.0,0.0,0.0,0.0,0.0,4.914021292396047e-09,0.0,0.0,0.0,0.0,0.0,0.0,0.0,0.0,0.0,0.0,-2.4372092913408482e-09,0.0,4.914021292396047e-09,-2.4372092913408482e-09,2.4768120010551984e-09
#66#,0.0,0.0,0.0,0.0,0.0,4.006491462475272,0.0,0.0,0.0,0.0,0.0,0.0,0.0,0.0,0.0,0.0,-0.03962245308626793,0.0,0.0,0.0,0.0,0.0,0.0,0.090570746000716,0.0,0.0,0.0,0.0,0.0,0.0,0.0,0.0,0.0,0.0,-0.03962245308626793,0.0,0.090570746000716,-0.03962245308626793,0.05094829291444807
#67#,3032.80370180564,0.0,0.0,0.0,0.0,0.0,0.0,0.0,0.0,0.0,0.0,0.0,-9.209858983063099e-08,0.0,0.0,0.0,0.0,0.0,1.979314511144738,0.0,0.0,0.0,0.0,0.0,0.0,0.0,0.0,0.0,0.0,0.0,-0.008600258416974153,0.0,0.0,0.0,0.0,0.0,1.979314511144738,-0.008600258416974153,1.970714252727764
#68#,0.0,0.0,40000.85428931215,0.0,0.0,0.0,0.0,0.0016725453991368714,0.0,0.0,0.0,0.0,0.0,0.0,0.0,0.0,-445.9079659114004,0.0,0.0,0.0,992.1533171968298,0.0,0.0,0.0,0.0,0.0016725453991368714,0.0,0.0,0.0,0.0,0.0,0.0,0.0,0.0,-445.9079659114004,0.0,992.154989742229,-445.9079659114004,546.2470238308285
#69#,0.0,0.0,0.0,0.0,0.0,0.008783539763501026,15.264146475342974,88.78525667743263,0.0,0.0,0.0,0.0,0.0,0.0,0.0,0.0,-9.1764744691877e-05,0.0,0.0,0.0,0.0,0.0,0.0,0.00019856069989370421,15.264146475342974,88.78525667743263,0.0,0.0,0.0,0.0,0.0,0.0,0.0,0.0,-9.1764744691877e-05,0.0,104.0496017134755,-9.1764744691877e-05,104.0495099487308
#70#,0.0,0.0,0.0,0.0,0.0,0.0,0.0,6016.240092926528,0.0,0.0,0.0,0.0,0.0,0.0,-114768.29349918524,0.0,-500.12429661359556,0.0,0.0,0.0,0.0,0.0,0.0,0.0,0.0,6016.240092926528,0.0,0.0,0.0,0.0,0.0,0.0,-2594.4520428425817,0.0,-500.12429661359556,0.0,6016.240092926528,-3094.5763394561773,2921.6637534703505
#71#,0.0,0.0,0.0,0.0,0.0,0.8170866493155368,0.0,0.0,0.0,0.0,0.0,0.0,0.0,0.0,0.0,0.0,-0.008317390219987729,0.0,0.0,0.0,0.0,0.0,0.0,0.018471060794427025,0.0,0.0,0.0,0.0,0.0,0.0,0.0,0.0,0.0,0.0,-0.008317390219987729,0.0,0.018471060794427025,-0.008317390219987729,0.010153670574439297
#72#,0.0,0.0,0.0,0.0,343531457.6383257,0.0,0.0,0.0,0.0,0.0,0.0,0.0,0.0,0.0,-85483.60355235111,0.0,0.0,0.0,0.0,0.0,0.0,0.0,8798.733124844464,0.0,0.0,0.0,0.0,0.0,0.0,0.0,0.0,0.0,-1932.4423419044492,0.0,0.0,0.0,8798.733124844464,-1932.4423419044492,6866.290782940016
#73#,0.0,0.0,0.0,0.0,1596431.3806251097,13640.881435843712,0.0,0.0,0.0,0.0,0.0,0.0,0.0,0.0,0.0,0.0,-31.142140441883555,0.0,0.0,0.0,0.0,0.0,40.88875518653592,308.36576573868297,0.0,0.0,0.0,0.0,0.0,0.0,0.0,0.0,0.0,0.0,-31.142140441883555,0.0,349.2545209252189,-31.142140441883555,318.11238048333536
#74#,0.0,0.0,0.0,0.0,0.0,81091.75279405832,0.0,0.0,0.0,0.0,0.0,0.0,0.0,0.0,0.0,-451.2735924018986,-204.53295018358318,0.0,0.0,0.0,0.0,0.0,0.0,1833.1601636624825,0.0,0.0,0.0,0.0,0.0,0.0,0.0,0.0,0.0,-451.2735924018986,-204.53295018358318,0.0,1833.1601636624825,-655.8065425854818,1177.3536210770008
#75#,0.0,0.0,0.0,0.0,0.0,200075.91217262228,0.0,0.0,0.0,0.0,0.0,0.0,0.0,0.0,0.0,0.0,-2.132691000221968e-05,0.0,0.0,0.0,0.0,0.0,0.0,4522.9160705743,0.0,0.0,0.0,0.0,0.0,0.0,0.0,0.0,0.0,0.0,-2.132691000221968e-05,0.0,4522.9160705743,-2.132691000221968e-05,4522.916049247389
#76#,0.0,0.0,0.0,0.0,0.0,0.5155191225716613,0.0,8.721670665447223e-09,0.0,0.0,0.0,0.0,0.0,0.0,0.0,0.0,-0.00037528477023628955,0.0,0.0,0.0,0.0,0.0,0.0,0.011653825284854976,0.0,8.721670665447223e-09,0.0,0.0,0.0,0.0,0.0,0.0,0.0,0.0,-0.00037528477023628955,0.0,0.011653834006525641,-0.00037528477023628955,0.011278549236289351
#77#,0.0,278415.1348214431,0.0,0.0,0.0,0.0,0.0,0.0,0.0,0.0,0.0,0.0,0.0,0.0,0.0,0.0,0.0,0.0,0.0,983.0997664002275,0.0,0.0,0.0,0.0,0.0,0.0,0.0,0.0,0.0,0.0,0.0,0.0,0.0,0.0,0.0,0.0,983.0997664002275,0.0,983.0997664002275
#78#,0.0,1002311.4812384212,400029.38606815896,0.0,200000000.7514529,2800700.657644578,0.0,0.0,0.0,0.0,0.0,-400608.302855145,-0.06249110304081722,0.0,-0.005713137359421889,-1.2848172938776027e-06,-26461.259883012935,-0.0015657043938714051,0.0,3539.219172469592,9922.050151558404,0.0,5122.51961924666,63312.63906671333,0.0,0.0,0.0,0.0,0.0,-9936.409200153588,-5835.481693054552,0.0,-0.00012915118314709123,-1.2848172938776027e-06,-26461.259883012935,0.0,81896.42800998798,-42233.15090665708,39663.2771033309
#79#,0.0,0.0,0.0,0.0,10719438.9344198,0.0,0.0,0.0,0.0,0.0,0.0,0.0,0.0,0.0,0.0,0.0,0.0,0.0,0.0,0.0,0.0,0.0,274.5526802128427,0.0,0.0,0.0,0.0,0.0,0.0,0.0,0.0,0.0,0.0,0.0,0.0,0.0,274.5526802128427,0.0,274.5526802128427
#80#,0.0,0.0,0.0,0.0,0.0,1001.5398485213199,2.5148916637367438,38.34817463210524,0.0,0.0,0.0,0.0,0.0,0.0,0.0,0.0,-4.3255962225128266e-06,0.0,0.0,0.0,0.0,0.0,0.0,22.64080981567296,2.5148916637367438,38.34817463210524,0.0,0.0,0.0,0.0,0.0,0.0,0.0,0.0,-4.3255962225128266e-06,0.0,63.50387611151494,-4.3255962225128266e-06,63.50387178591872
#81#,0.0,0.0,0.0,0.0,36894649.469384894,0.0,0.0,0.0,0.0,0.0,0.0,0.0,0.0,0.0,0.0,0.0,-314.3139315910542,0.0,0.0,0.0,0.0,0.0,944.9678252102685,0.0,0.0,0.0,0.0,0.0,0.0,0.0,0.0,0.0,0.0,0.0,-314.3139315910542,0.0,944.9678252102685,-314.3139315910542,630.6538936192144
#82#,21726.853437747373,0.0,0.0,0.0,1516087.6901798176,6603.625017025146,0.0,0.0,0.0,0.0,0.0,0.0,0.0,0.0,0.0,0.0,-112.74811359012725,0.0,14.179709773252014,0.0,0.0,0.0,38.830944541324214,149.28154713487046,0.0,0.0,0.0,0.0,0.0,0.0,0.0,0.0,0.0,0.0,-112.74811359012725,0.0,202.29220144944668,-112.74811359012725,89.54408785931943
#83#,0.0,0.0,0.0,0.0,749768.444543667,499.17953400632297,0.0,0.0,0.0,0.0,0.0,0.0,0.0,0.0,-242.7737994057182,0.0,0.0,0.0,0.0,0.0,0.0,0.0,19.203517763182234,11.284452545746937,0.0,0.0,0.0,0.0,0.0,0.0,0.0,0.0,-5.488144509365665,0.0,0.0,0.0,30.48797030892917,-5.488144509365665,24.999825799563506
#84#,0.0,0.0,0.0,0.0,14805.737446950981,0.0,0.0,0.0,0.0,0.0,0.0,0.0,0.0,0.0,0.0,0.0,0.0,0.0,0.0,0.0,0.0,0.0,0.37921340132230175,0.0,0.0,0.0,0.0,0.0,0.0,0.0,0.0,0.0,0.0,0.0,0.0,0.0,0.37921340132230175,0.0,0.37921340132230175
#85#,0.0,0.0,0.0,0.0,0.0,20009.15185899921,0.2563726229575848,0.0,0.0,0.0,0.0,0.0,0.0,0.0,0.0,-0.00024632304462707434,-185.73210008293285,0.0,0.0,0.0,0.0,0.0,0.0,452.3268869245361,0.2563726229575848,0.0,0.0,0.0,0.0,0.0,0.0,0.0,0.0,-0.00024632304462707434,-185.73210008293285,0.0,452.5832595474937,-185.73234640597747,266.85091314151623
#86#,182500.0,31640.0,326.63429626619273,0.0,8624185.72676024,0.0,0.0,6.034523271038354,0.0,0.0,0.0,0.0,0.0,0.0,0.0,0.0,0.0,0.0,119.10592765000001,111.72264980800001,8.101609485809007,0.0,220.88780209684785,0.0,0.0,6.034523271038354,0.0,0.0,0.0,0.0,0.0,0.0,0.0,0.0,0.0,0.0,465.85251231169525,0.0,465.85251231169525
#87#,0.0,0.0,0.0,0.0,0.0,0.0,0.0,0.0,0.0,0.0,0.0,0.0,0.0,0.0,0.0,0.0,0.0,0.0,0.0,0.0,0.0,0.0,0.0,0.0,0.0,0.0,0.0,0.0,0.0,0.0,0.0,0.0,0.0,0.0,0.0,0.0,0.0,0.0,0.0
#88#,0.0,0.0,0.0,0.0,100089119.03270942,0.0,0.0,0.0,0.0,0.0,0.0,0.0,0.0,0.0,-1005.4601552673812,0.0,-233.38805352802282,0.0,0.0,0.0,0.0,0.0,2563.542369958935,0.0,0.0,0.0,0.0,0.0,0.0,0.0,0.0,0.0,-22.72943226997442,0.0,-233.38805352802282,0.0,2563.542369958935,-256.11748579799723,2307.424884160938
#89#,0.0,0.0,0.0,0.0,0.0,12092.57828313301,0.0,0.0,0.0,0.0,0.0,0.0,0.0,0.0,-6652.354972369539,0.0,0.0,0.0,0.0,0.0,0.0,0.0,0.0,273.36482466850487,0.0,0.0,0.0,0.0,0.0,0.0,0.0,0.0,-150.3831365053858,0.0,0.0,0.0,273.36482466850487,-150.3831365053858,122.98168816311906
#90#,0.0,0.0,0.0,0.0,0.0,148.17916081950779,0.0,0.0,0.0,0.0,0.0,0.0,0.0,0.0,0.0,0.0,-1.4700239777964788,0.0,0.0,0.0,0.0,0.0,0.0,3.349738109485793,0.0,0.0,0.0,0.0,0.0,0.0,0.0,0.0,0.0,0.0,-1.4700239777964788,0.0,3.349738109485793,-1.4700239777964788,1.8797141316893144
#91#,0.0,0.0,0.0,0.0,0.0,396207.89232344646,0.0,0.0,0.0,0.0,0.0,0.0,0.0,0.0,0.0,0.0,-3876.226374187917,0.0,0.0,0.0,0.0,0.0,0.0,8956.67561386383,0.0,0.0,0.0,0.0,0.0,0.0,0.0,0.0,0.0,0.0,-3876.226374187917,0.0,8956.67561386383,-3876.226374187917,5080.449239675913
#92#,0.0,0.0,0.0,0.0,0.0,94.61194335188515,0.0,0.0,3.843130747799497e-05,0.0,0.0,0.0,0.0,0.0,-29.108479944909,0.0,0.0,-7.752221282090843e-05,0.0,0.0,0.0,0.0,0.0,2.1387975914127155,0.0,0.0,0.0,0.0,0.0,0.0,0.0,0.0,-0.6580262976346128,0.0,0.0,0.0,2.1387975914127155,-0.6580262976346128,1.4807712937781026
#93#,0.0,0.0,0.0,0.0,300108986.929058,0.0,0.0,0.0,0.0,0.0,0.0,0.0,0.0,0.0,0.0,0.0,-0.040385066352241906,0.0,0.0,0.0,0.0,0.0,7686.570838401217,0.0,0.0,0.0,0.0,0.0,0.0,0.0,0.0,0.0,0.0,0.0,-0.040385066352241906,0.0,7686.570838401217,-0.040385066352241906,7686.530453334864
#94#,0.0,0.0,0.0,0.0,0.0,50.075254120785054,0.0,0.0,0.0,0.0,0.0,0.0,0.0,0.0,-9.245337966434095e-06,0.0,0.0,0.0,0.0,0.0,0.0,0.0,0.0,1.132001194654467,0.0,0.0,0.0,0.0,0.0,0.0,0.0,0.0,-2.0900011006920916e-07,0.0,0.0,0.0,1.132001194654467,-2.0900011006920916e-07,1.132000985654357
#95#,0.0,0.0,0.0,0.0,0.0,895113.2479261042,0.0,0.0,0.0,0.0,0.0,0.0,0.0,0.0,0.0,0.0,-11249.488979765836,0.0,0.0,0.0,0.0,0.0,0.0,20234.930082617513,0.0,0.0,0.0,0.0,0.0,0.0,0.0,0.0,0.0,0.0,-11249.488979765836,0.0,20234.930082617513,-11249.488979765836,8985.441102851677
#96#,0.0,0.0,0.0,0.0,0.0,193082.97698588975,0.0,0.0,0.0,0.0,0.0,0.0,0.0,0.0,0.0,0.0,-942.5198842520329,0.0,0.0,0.0,0.0,0.0,0.0,4364.833777743024,0.0,0.0,0.0,0.0,0.0,0.0,0.0,0.0,0.0,0.0,-942.5198842520329,0.0,4364.833777743024,-942.5198842520329,3422.313893490991
#97#,0.0,0.0,54751.712204751166,0.011859770838154335,0.0,0.0,0.0,0.0,0.0,0.0,0.0,0.0,0.0,0.0,0.0,0.0,-1000.1214312607264,0.0,0.0,0.0,1358.0233185335837,1107.4772606376898,0.0,0.0,0.0,0.0,0.0,0.0,0.0,0.0,0.0,0.0,0.0,0.0,-1000.1214312607264,0.0,2465.500579171274,-1000.1214312607264,1465.3791479105475
#98#,0.0,0.0,0.0,0.0,0.0,0.38786984215687453,0.0,0.0,0.0,0.0,0.0,0.0,0.0,0.0,-0.0020135663510909146,0.0,-7.602055326826078e-05,0.0,0.0,0.0,0.0,0.0,0.0,0.008768185651798306,0.0,0.0,0.0,0.0,0.0,0.0,0.0,0.0,-4.551868093276122e-05,0.0,-7.602055326826078e-05,0.0,0.008768185651798306,-0.000121539234201022,0.008646646417597284
#99#,0.0,0.0,102537.96922143767,0.0,13425302.714513546,0.21298085949123197,0.0,0.0,0.0,0.0,0.0,0.0,0.0,0.0,-62495.04944511367,0.0,-0.0006558923775328981,0.0,0.0,0.0,2543.2803401115866,0.0,343.85688145514416,0.00481464530965879,0.0,0.0,0.0,0.0,0.0,0.0,0.0,0.0,-1412.7630877562397,0.0,-0.0006558923775328981,0.0,2887.1420362120402,-1412.7637436486173,1474.378292563423
#100#,0.0,0.0,0.0,0.0,0.0,0.0,0.0,0.0,0.0,0.0,0.0,0.0,0.0,0.0,0.0,0.0,0.0,0.0,0.0,0.0,0.0,0.0,0.0,0.0,0.0,0.0,0.0,0.0,0.0,0.0,0.0,0.0,0.0,0.0,0.0,0.0,0.0,0.0,0.0
#101#,0.0,0.0,1828985.320022829,0.0,173317905.02459487,1505376.5530840387,0.0,0.0,0.0,0.0,0.0,0.0,0.0,0.0,0.0,0.0,-12738.546137261852,0.0,0.0,0.0,45364.877440875265,0.0,4439.121827597128,34030.54235901778,0.0,0.0,0.0,0.0,0.0,0.0,0.0,0.0,0.0,0.0,-12738.546137261852,0.0,83834.54162749018,-12738.546137261852,71095.99549022832
#102#,535136.4076542406,33225.70725517303,0.0,0.0,61498953.60045474,19432.46518113657,0.0,0.0,0.0,0.0,0.0,0.0,-3.6313622996848563e-05,0.0,-0.11752756193046905,0.0,-501.6142779858617,0.0,349.24886713943505,117.32187282847097,0.0,0.0,1575.1479759890997,439.2903078847733,0.0,0.0,0.0,0.0,0.0,0.0,-3.3910024290687155,0.0,-0.0026568280650001836,0.0,-501.6142779858617,0.0,2481.009023841779,-505.0079372429954,1976.0010865987833
#103#,0.0,0.0,0.0,2.2455248979400408e-05,0.0,361.31725667761197,0.0,0.0,0.0,0.0,0.0,0.0,0.0,0.0,0.0,-3.0713512553061615,0.0,0.0,0.0,0.0,0.0,2.0968936049453895,0.0,8.167937904454096,0.0,0.0,0.0,0.0,0.0,0.0,0.0,0.0,0.0,-3.0713512553061615,0.0,0.0,10.264831509399485,-3.0713512553061615,7.193480254093323
#104#,0.0,92681.54826611702,0.0,0.0,15278028.260455726,30020.058644062425,0.0,0.0,0.0,0.0,0.0,0.0,0.0,0.0,0.0,0.0,-614.4060181835858,0.0,0.0,327.26384831222003,0.0,0.0,391.30999606769177,678.6334457076752,0.0,0.0,0.0,0.0,0.0,0.0,0.0,0.0,0.0,0.0,-614.4060181835858,0.0,1397.207290087587,-614.4060181835858,782.801271904001
#105#,0.0,0.0,0.0,0.050140347733311455,4106846.8114845734,0.0,0.0,0.0,0.0,0.0,0.0,0.0,0.0,0.0,0.0,0.0,0.0,0.0,0.0,0.0,0.0,4682.155811684357,105.18701643013615,0.0,0.0,0.0,0.0,0.0,0.0,0.0,0.0,0.0,0.0,0.0,0.0,0.0,4787.342828114493,0.0,4787.342828114493
#106#,0.0,0.0,0.0,8.243297460686772e-05,0.0,0.0,0.0,0.0,0.0,0.0,0.0,0.0,0.0,0.0,0.0,0.0,-0.004307095513854754,0.0,0.0,0.0,0.0,7.697673601763914,0.0,0.0,0.0,0.0,0.0,0.0,0.0,0.0,0.0,0.0,0.0,0.0,-0.004307095513854754,0.0,7.697673601763914,-0.004307095513854754,7.69336650625006
#107#,0.0,0.0,0.0,0.0,0.0,149723.3486500607,0.0,0.0,0.0,0.0,0.0,0.0,0.0,0.0,0.0,0.0,-1141.2471878831925,0.0,0.0,0.0,0.0,0.0,0.0,3384.6460195832724,0.0,0.0,0.0,0.0,0.0,0.0,0.0,0.0,0.0,0.0,-1141.2471878831925,0.0,3384.6460195832724,-1141.2471878831925,2243.39883170008
#108#,0.0,0.0,0.0,0.0,4094147.4395875796,32354.593689871323,0.0,0.0,0.0,0.0,0.0,0.0,0.0,0.0,-1.4579095861667993e-06,-105.9593304553935,-224.25066877458863,0.0,0.0,0.0,0.0,0.0,104.86175252288595,731.4079449532312,0.0,0.0,0.0,0.0,0.0,0.0,0.0,0.0,-3.2957504104886664e-08,-105.9593304553935,-224.25066877458863,0.0,836.2696974761171,-330.2099992629396,506.0596982131775
#109#,0.0,0.0,0.0,0.0,0.0,0.0,0.0,131.49051065184102,0.0,0.0,0.0,0.0,0.0,0.0,0.0,0.0,0.0,0.0,0.0,0.0,0.0,0.0,0.0,0.0,0.0,131.49051065184102,0.0,0.0,0.0,0.0,0.0,0.0,0.0,0.0,0.0,0.0,131.49051065184102,0.0,131.49051065184102
#110#,0.0,0.0,0.0,0.0,0.0,637.9638244114946,0.0,0.0,0.0,0.0,0.0,0.0,0.0,0.0,0.0,0.0,0.0,0.0,0.0,0.0,0.0,0.0,0.0,14.421810214646246,0.0,0.0,0.0,0.0,0.0,0.0,0.0,0.0,0.0,0.0,0.0,0.0,14.421810214646246,0.0,14.421810214646246
#111#,0.0,0.0,0.0,0.0,0.0,14846.700957183564,0.0,0.0,0.0,0.0,0.0,0.0,0.0,0.0,0.0,0.0,-7.2133938640379265,0.0,0.0,0.0,0.0,0.0,0.0,335.62452183809165,0.0,0.0,0.0,0.0,0.0,0.0,0.0,0.0,0.0,0.0,-7.2133938640379265,0.0,335.62452183809165,-7.2133938640379265,328.4111279740537
#112#,0.0,0.0,0.0,0.0,0.0,0.11819216513652307,0.0,0.0,0.0,0.0,0.0,0.0,0.0,0.0,0.0,0.0,-0.0003833812011987144,0.0,0.0,0.0,0.0,0.0,0.0,0.0026718520850762405,0.0,0.0,0.0,0.0,0.0,0.0,0.0,0.0,0.0,0.0,-0.0003833812011987144,0.0,0.0026718520850762405,-0.0003833812011987144,0.002288470883877526
#113#,0.0,0.0,0.0,0.0,1.6542168337263496,0.0,0.0,0.0,0.0,0.0,0.0,0.0,0.0,0.0,0.0,0.0,-8.525558290386366e-06,0.0,0.0,0.0,0.0,0.0,4.236879076706583e-05,0.0,0.0,0.0,0.0,0.0,0.0,0.0,0.0,0.0,0.0,0.0,-8.525558290386366e-06,0.0,4.236879076706583e-05,-8.525558290386366e-06,3.384323247667947e-05
#114#,0.0,0.0,0.0,0.0,0.0,50208.429244357016,0.0,0.0,0.0,0.0,0.0,0.0,0.0,0.0,0.0,0.0,-237.44127554580166,0.0,0.0,0.0,0.0,0.0,0.0,1135.0117514979347,0.0,0.0,0.0,0.0,0.0,0.0,0.0,0.0,0.0,0.0,-237.44127554580166,0.0,1135.0117514979347,-237.44127554580166,897.570475952133
#115#,0.0,0.0,0.0,0.0,53749.5081496685,20.136683200039997,0.0,0.0,0.0,0.0,0.0,0.0,0.0,0.0,0.0,0.0,0.0,0.0,0.0,0.0,0.0,0.0,1.376664544935183,0.4552098604201042,0.0,0.0,0.0,0.0,0.0,0.0,0.0,0.0,0.0,0.0,0.0,0.0,1.8318744053552873,0.0,1.8318744053552873
#116#,0.0,0.0,0.0,0.0,0.0,0.08995316846008646,0.0,0.0,0.0,0.0,0.0,0.0,0.0,0.0,0.0,0.0,-9.577725175198535e-07,0.0,0.0,0.0,0.0,0.0,0.0,0.0020334813262087143,0.0,0.0,0.0,0.0,0.0,0.0,0.0,0.0,0.0,0.0,-9.577725175198535e-07,0.0,0.0020334813262087143,-9.577725175198535e-07,0.0020325235536911945
#117#,0.0,0.0,0.0,0.0,0.0,80016.94900124746,0.0,0.0,0.0,0.0,0.0,0.0,0.0,0.0,0.0,0.0,-1006.2721740419453,0.0,0.0,0.0,0.0,0.0,0.0,1808.8631491222002,0.0,0.0,0.0,0.0,0.0,0.0,0.0,0.0,0.0,0.0,-1006.2721740419453,0.0,1808.8631491222002,-1006.2721740419453,802.5909750802549
#118#,0.0,0.0,0.0,0.0,0.0,100052.15996758267,0.0,0.0,0.0,0.0,0.0,0.0,0.0,0.0,-2.6651030950391304e-05,0.0,-1313.1524909999118,0.0,0.0,0.0,0.0,0.0,0.0,2261.779128227174,0.0,0.0,0.0,0.0,0.0,0.0,0.0,0.0,-6.024732056645459e-07,0.0,-1313.1524909999118,0.0,2261.779128227174,-1313.152491602385,948.6266366247892
#119#,0.0,0.0,0.0,0.0,0.0,117291.84158435809,0.0,0.0,0.0,0.0,0.0,0.0,0.0,0.0,0.0,0.0,-960.7296163879718,0.0,0.0,0.0,0.0,0.0,0.0,2651.499370855999,0.0,0.0,0.0,0.0,0.0,0.0,0.0,0.0,0.0,0.0,-960.7296163879718,0.0,2651.499370855999,-960.7296163879718,1690.7697544680273
#120#,0.0,0.0,0.0,0.0,1909384.8947293987,27563.11204128928,0.0,0.0,0.0,0.0,0.0,0.0,0.0,0.0,0.0,0.0,-165.9525584320041,0.0,0.0,0.0,0.0,0.0,48.9043077359764,623.0917108053856,0.0,0.0,0.0,0.0,0.0,0.0,0.0,0.0,0.0,0.0,-165.9525584320041,0.0,671.996018541362,-165.9525584320041,506.04346010935785
#121#,0.0,1000000.0,0.0,0.0,69596823.16519561,40004.675885195305,0.0,0.0,0.0,0.0,0.0,0.0,0.0,0.0,0.0,-247.0922566070711,-1086.0275856858766,0.0,0.0,3531.0572,0.0,0.0,1782.5554538072427,904.3457030607251,0.0,0.0,0.0,0.0,0.0,0.0,0.0,0.0,0.0,-247.0922566070711,-1086.0275856858766,0.0,6217.958356867968,-1333.1198422929476,4884.838514575021
#122#,0.0,0.0,0.0,0.0,0.0,25037.302480910348,0.0,0.0,0.0,0.0,0.0,0.0,0.0,0.0,0.0,0.0,-103.71594766523351,0.0,0.0,0.0,0.0,0.0,0.0,565.9932598834594,0.0,0.0,0.0,0.0,0.0,0.0,0.0,0.0,0.0,0.0,-103.71594766523351,0.0,565.9932598834594,-103.71594766523351,462.27731221822586
#123#,0.0,0.0,0.0,0.0,0.0,514.9639141388552,0.0,0.0,0.0,0.0,0.0,0.0,0.0,0.0,0.0,0.0,0.0,0.0,0.0,0.0,0.0,0.0,0.0,11.641274243022961,0.0,0.0,0.0,0.0,0.0,0.0,0.0,0.0,0.0,0.0,0.0,0.0,11.641274243022961,0.0,11.641274243022961
#124#,0.0,0.0,0.0,0.0,0.0,0.0,0.0,0.0,0.0,0.0,0.0,0.0,0.0,0.0,0.0,0.0,0.0,0.0,0.0,0.0,0.0,0.0,0.0,0.0,0.0,0.0,0.0,0.0,0.0,0.0,0.0,0.0,0.0,0.0,0.0,0.0,0.0,0.0,0.0
#125#,743038.7967736477,226013.52496344756,356268.08682368306,0.0,33399468.538941875,0.0,0.0,0.0,0.0,0.0,0.0,0.0,0.0,0.0,-0.04267328185608503,-0.0004330964408911326,-5082.718190767578,0.0,484.93328860090486,798.0666846195613,8836.625377971737,0.0,855.4471611015655,0.0,0.0,0.0,0.0,0.0,0.0,0.0,0.0,0.0,-0.0009646722096386582,-0.0004330964408911326,-5082.718190767578,0.0,10975.07251229377,-5082.719588536228,5892.352923757541
#126#,0.0,0.0,0.0,0.0,0.0,0.0,0.0,0.0,0.2841509916616408,0.0,0.0,0.0,0.0,0.0,0.0,0.0,-7.036324716148679e-07,0.0,0.0,0.0,0.0,0.0,0.0,0.0,0.0,0.0,0.0,0.0,0.0,0.0,0.0,0.0,0.0,0.0,-7.036324716148679e-07,0.0,0.0,-7.036324716148679e-07,-7.036324716148679e-07
#127#,0.0,0.0,0.0,0.0,0.0,50.07459777631081,0.0,0.0,0.0,0.0,0.0,0.0,0.0,0.0,0.0,0.0,0.0,0.0,0.0,0.0,0.0,0.0,0.0,1.1319863573312823,0.0,0.0,0.0,0.0,0.0,0.0,0.0,0.0,0.0,0.0,0.0,0.0,1.1319863573312823,0.0,1.1319863573312823
#128#,22680.7466562763,0.0,0.0,0.0,1921090.361609061,1552.2763718641695,0.0,0.0,0.0,0.0,0.0,0.0,0.0,0.0,0.0,-4.650471547043604,-21.615694062508933,0.0,14.802254083783149,0.0,0.0,0.0,49.20411515356751,35.09075966236142,0.0,0.0,0.0,0.0,0.0,0.0,0.0,0.0,0.0,-4.650471547043604,-21.615694062508933,0.0,99.09712889971208,-26.266165609552537,72.83096329015953
#129#,0.0,0.0,0.0,0.0,0.0,0.00017286558480105626,0.0,0.0,0.0,0.0,0.0,0.0,0.0,0.0,0.0,0.0,-9.024636654356226e-07,0.0,0.0,0.0,0.0,0.0,0.0,3.907799410012678e-06,0.0,0.0,0.0,0.0,0.0,0.0,0.0,0.0,0.0,0.0,-9.024636654356226e-07,0.0,3.907799410012678e-06,-9.024636654356226e-07,3.005335744577055e-06
#130#,0.0,0.0,0.0,0.0,0.0,0.0,0.0,0.0,0.00031988486694263854,0.0,0.0,0.0,0.0,0.0,0.0,0.0,-0.07449219209834268,0.0,0.0,0.0,0.0,0.0,0.0,0.0,0.0,0.0,0.0,0.0,0.0,0.0,0.0,0.0,0.0,0.0,-0.07449219209834268,0.0,0.0,-0.07449219209834268,-0.07449219209834268
#131#,0.0,0.0,0.0,0.0,3447265.7378524984,0.0,0.0,0.0,0.0,0.0,0.0,0.0,0.0,0.0,0.0,0.0,-11.807558040430603,0.0,0.0,0.0,0.0,0.0,88.29343154278942,0.0,0.0,0.0,0.0,0.0,0.0,0.0,0.0,0.0,0.0,0.0,-11.807558040430603,0.0,88.29343154278942,-11.807558040430603,76.48587350235881
#132#,0.0,0.0,0.0,0.0,7530365.232792509,0.0,0.0,0.0,0.0,0.0,0.0,0.0,0.0,0.0,0.0,0.0,-73.96056010689816,0.0,0.0,0.0,0.0,0.0,192.87221750069094,0.0,0.0,0.0,0.0,0.0,0.0,0.0,0.0,0.0,0.0,0.0,-73.96056010689816,0.0,192.87221750069094,-73.96056010689816,118.91165739379278
#133#,0.0,0.0,0.0,0.0,0.0,0.9912206646040732,0.0,0.0,0.0,0.0,0.0,0.0,0.0,0.0,0.0,0.0,-7.6044859717348e-06,0.0,0.0,0.0,0.0,0.0,0.0,0.02240753434403968,0.0,0.0,0.0,0.0,0.0,0.0,0.0,0.0,0.0,0.0,-7.6044859717348e-06,0.0,0.02240753434403968,-7.6044859717348e-06,0.022399929858067942
#134#,0.0,0.0,0.0,0.0,187751312.13995397,0.0,0.0,0.0,0.0,0.0,0.0,0.0,0.0,0.0,0.0,0.0,0.0,0.0,0.0,0.0,0.0,0.0,4808.79888181316,0.0,0.0,0.0,0.0,0.0,0.0,0.0,0.0,0.0,0.0,0.0,0.0,0.0,4808.79888181316,0.0,4808.79888181316
#135#,0.0,0.0,0.0,0.0,0.5578237457129688,0.0,0.0,0.0,0.0,0.0,0.0,0.0,0.0,0.0,0.0,0.0,-2.5349102935124283e-06,0.0,0.0,0.0,0.0,0.0,1.428731535380049e-05,0.0,0.0,0.0,0.0,0.0,0.0,0.0,0.0,0.0,0.0,0.0,-2.5349102935124283e-06,0.0,1.428731535380049e-05,-2.5349102935124283e-06,1.1752405060288063e-05
#136#,0.0,0.0,0.0,0.0,36153314.89,0.0,0.0,0.0,0.0,0.0,0.0,0.0,0.0,0.0,0.0,0.0,-0.0005837102194750417,0.0,0.0,0.0,0.0,0.0,925.9803206449841,0.0,0.0,0.0,0.0,0.0,0.0,0.0,0.0,0.0,0.0,0.0,-0.0005837102194750417,0.0,925.9803206449841,-0.0005837102194750417,925.9797369347646
#137#,0.0,0.0,0.0,0.0,2179.338213757718,0.0,0.0,0.0,0.0,0.0,0.0,0.0,0.0,0.0,0.0,0.0,-1.5199558932869994e-06,0.0,0.0,0.0,0.0,0.0,0.0558185135750145,0.0,0.0,0.0,0.0,0.0,0.0,0.0,0.0,0.0,0.0,0.0,-1.5199558932869994e-06,0.0,0.0558185135750145,-1.5199558932869994e-06,0.055816993619121215
#138#,0.0,0.0,0.0,0.0,14828.100047056769,0.0,0.0,0.0,0.0,0.0,0.0,0.0,0.0,0.0,0.0,0.0,-0.2754035895458288,0.0,0.0,0.0,0.0,0.0,0.37978616560904604,0.0,0.0,0.0,0.0,0.0,0.0,0.0,0.0,0.0,0.0,0.0,-0.2754035895458288,0.0,0.37978616560904604,-0.2754035895458288,0.10438257606321727
#139#,4265780.817485155,1788865.2032923207,0.0,0.0,257830664.6350351,44156.973224922505,0.0,0.0,0.0,0.0,0.0,0.0,0.0,0.0,-1.9551870817932472e-08,0.0,-5133.210125044673,0.0,2783.998802291204,6316.585355914814,0.0,0.0,6603.71316536997,998.2125367225982,0.0,0.0,0.0,0.0,0.0,0.0,0.0,0.0,-4.4198959171018147e-10,0.0,-5133.210125044673,0.0,16702.509860298585,-5133.210125045115,11569.29973525347
#140#,0.0,0.0,0.0,0.0,0.0,0.0,0.0,0.0,0.0,0.0,0.0,0.0,0.0,0.0,0.0,0.0,0.0,0.0,0.0,0.0,0.0,0.0,0.0,0.0,0.0,0.0,0.0,0.0,0.0,0.0,0.0,0.0,0.0,0.0,0.0,0.0,0.0,0.0,0.0
#141#,0.0,0.0,0.0,0.0,0.0,0.40728338426803606,0.0,0.0,0.0,0.0,0.0,0.0,0.0,0.0,0.0,0.0,-0.008426625846382565,0.0,0.0,0.0,0.0,0.0,0.0,0.009207048184763224,0.0,0.0,0.0,0.0,0.0,0.0,0.0,0.0,0.0,0.0,-0.008426625846382565,0.0,0.009207048184763224,-0.008426625846382565,0.0007804223383806597
#142#,0.0,0.0,0.0,0.0,1000.0,0.0,0.0,0.0,0.0,0.0,0.0,0.0,0.0,0.0,0.0,0.0,0.0,0.0,0.0,0.0,0.0,0.0,0.025612597999999997,0.0,0.0,0.0,0.0,0.0,0.0,0.0,0.0,0.0,0.0,0.0,0.0,0.0,0.025612597999999997,0.0,0.025612597999999997
#143#,0.0,0.0,0.0,0.0,0.0,0.0,0.0,0.4652762949957472,0.0,0.0,0.0,0.0,0.0,0.0,0.0,0.0,-2.2054827087941337e-07,0.0,0.0,0.0,0.0,0.0,0.0,0.0,0.0,0.4652762949957472,0.0,0.0,0.0,0.0,0.0,0.0,0.0,0.0,-2.2054827087941337e-07,0.0,0.4652762949957472,-2.2054827087941337e-07,0.4652760744474763
#144#,0.0,0.0,0.0,0.0,0.0,0.0,0.0,1.097519742966212,0.0,0.0,0.0,0.0,0.0,0.0,0.0,0.0,0.0,0.0,0.0,0.0,0.0,0.0,0.0,0.0,0.0,1.097519742966212,0.0,0.0,0.0,0.0,0.0,0.0,0.0,0.0,0.0,0.0,1.097519742966212,0.0,1.097519742966212
#145#,0.0,0.0,0.0,0.0,704340575.7668529,0.0,0.0,0.0,0.0,0.0,0.0,0.0,0.0,0.0,0.0,0.0,-5517.696892820019,0.0,0.0,0.0,0.0,0.0,18039.99202220494,0.0,0.0,0.0,0.0,0.0,0.0,0.0,0.0,0.0,0.0,0.0,-5517.696892820019,0.0,18039.99202220494,-5517.696892820019,12522.295129384922
#146#,0.0,0.0,0.0,0.0,8970866.76736956,16174.086463573887,0.0,0.0,0.0,0.0,0.0,0.0,0.0,0.0,0.0,-105.48158802289753,0.0,0.0,0.0,0.0,0.0,0.0,229.76720422419606,365.63139859555133,0.0,0.0,0.0,0.0,0.0,0.0,0.0,0.0,0.0,-105.48158802289753,0.0,0.0,595.3986028197473,-105.48158802289753,489.9170147968498
#147#,0.0,0.0,0.0,0.0,300000000.0,0.0,0.0,0.0,0.0,0.0,0.0,0.0,0.0,0.0,0.0,0.0,-1345.5004724451103,0.0,0.0,0.0,0.0,0.0,7683.779399999999,0.0,0.0,0.0,0.0,0.0,0.0,0.0,0.0,0.0,0.0,0.0,-1345.5004724451103,0.0,7683.779399999999,-1345.5004724451103,6338.278927554889
#148#,0.0,0.0,0.0,0.0,0.0,0.0,0.0,0.0,0.0,0.0,0.0,0.0,0.0,0.0,0.0,0.0,0.0,0.0,0.0,0.0,0.0,0.0,0.0,0.0,0.0,0.0,0.0,0.0,0.0,0.0,0.0,0.0,0.0,0.0,0.0,0.0,0.0,0.0,0.0
#149#,0.0,0.0,0.0,0.0,0.0,7.856069025328527,0.0,0.0,0.0,0.0,0.0,0.0,0.0,0.0,-2.6412382539860944e-05,0.0,-4.875492195753071e-05,-6.323154769315793e-06,0.0,0.0,0.0,0.0,0.0,0.17759429638657667,0.0,0.0,0.0,0.0,0.0,0.0,0.0,0.0,-5.970783196960965e-07,0.0,-4.875492195753071e-05,0.0,0.17759429638657667,-4.935200027722681e-05,0.17754494438629945
#150#,0.0,0.0,4663.992102258751,0.0,4416732.661715303,0.0,0.0,43.44609792772118,0.0,0.0,0.0,0.0,0.0,0.0,0.0,0.0,-0.5993481058891562,0.0,0.0,0.0,115.68241023472922,0.0,113.12399813798402,0.0,0.0,43.44609792772118,0.0,0.0,0.0,0.0,0.0,0.0,0.0,0.0,-0.5993481058891562,0.0,272.25250630043445,-0.5993481058891562,271.6531581945453
#151#,0.0,0.0,0.0,0.0,35669381.56385736,32743.602611762184,0.0,0.0,0.0,0.0,0.0,0.0,0.0,0.0,0.0,0.0,-258.97158078998706,0.0,0.0,0.0,0.0,0.0,913.5855309036898,740.201880641496,0.0,0.0,0.0,0.0,0.0,0.0,0.0,0.0,0.0,0.0,-258.97158078998706,0.0,1653.787411545186,-258.97158078998706,1394.815830755199
#152#,0.0,0.0,0.0,0.0,150000000.0,0.0,0.0,0.0,0.0,0.0,0.0,0.0,0.0,0.0,0.0,0.0,-417.5780870530618,0.0,0.0,0.0,0.0,0.0,3841.8896999999997,0.0,0.0,0.0,0.0,0.0,0.0,0.0,0.0,0.0,0.0,0.0,-417.5780870530618,0.0,3841.8896999999997,-417.5780870530618,3424.311612946938
#153#,0.0,0.0,0.0,0.0,0.0,1.6393933544791577,0.0,0.0,0.0,0.0,0.0,0.0,0.0,0.0,0.0,0.0,0.0,-7.594296088892693e-09,0.0,0.0,0.0,0.0,0.0,0.03706012617135584,0.0,0.0,0.0,0.0,0.0,0.0,0.0,0.0,0.0,0.0,0.0,0.0,0.03706012617135584,0.0,0.03706012617135584
#154#,0.0,0.0,0.0,0.0,0.0,0.0,0.0,0.0,0.0,0.0,0.0,0.0,0.0,0.0,0.0,0.0,0.0,0.0,0.0,0.0,0.0,0.0,0.0,0.0,0.0,0.0,0.0,0.0,0.0,0.0,0.0,0.0,0.0,0.0,0.0,0.0,0.0,0.0,0.0
#155#,0.0,1828.8054139975418,0.0,0.0,1112546.9602091305,0.0,101.1928670033275,0.0,0.0,0.0,0.0,0.0,0.0,0.0,0.0,0.0,0.0,0.0,0.0,6.457616524495001,0.0,0.0,28.495218047958453,0.0,101.1928670033275,0.0,0.0,0.0,0.0,0.0,0.0,0.0,0.0,0.0,0.0,0.0,136.14570157578095,0.0,136.14570157578095
#156#,0.0,0.0,0.0,0.0,0.0,0.0,0.0,0.0006815891178197686,0.0,0.0,0.0,0.0,0.0,0.0,0.0,0.0,0.0,0.0,0.0,0.0,0.0,0.0,0.0,0.0,0.0,0.0006815891178197686,0.0,0.0,0.0,0.0,0.0,0.0,0.0,0.0,0.0,0.0,0.0006815891178197686,0.0,0.0006815891178197686
#157#,0.0,0.0,0.0,0.0,0.0,11914.292237676967,0.0,0.0,0.0,0.0,0.0,0.0,0.0,0.0,0.0,0.0,-155.84937879324264,0.0,0.0,0.0,0.0,0.0,0.0,269.3344903249255,0.0,0.0,0.0,0.0,0.0,0.0,0.0,0.0,0.0,0.0,-155.84937879324264,0.0,269.3344903249255,-155.84937879324264,113.48511153168289
#158#,0.0,0.0,0.0,0.0,0.0,0.9481012799702989,0.0,0.0,0.0,0.0,0.0,0.0,-2.9892342970412524e-08,0.0,0.0,0.0,0.0,0.0,0.0,0.0,0.0,0.0,0.0,0.02143277753500858,0.0,0.0,0.0,0.0,0.0,0.0,-0.002791376878920092,0.0,0.0,0.0,0.0,0.0,0.02143277753500858,-0.002791376878920092,0.018641400656088488
#159#,0.0,0.0,0.0,0.0,0.0,14.099175790038242,0.0,0.0,0.0,0.0,0.0,0.0,0.0,0.0,0.0,0.0,-1.3176783342509327e-05,0.0,0.0,0.0,0.0,0.0,0.0,0.3187259679096045,0.0,0.0,0.0,0.0,0.0,0.0,0.0,0.0,0.0,0.0,-1.3176783342509327e-05,0.0,0.3187259679096045,-1.3176783342509327e-05,0.318712791126262
#160#,0.0,0.0,15571.677449064278,0.0,129996.36112018448,2500.5003648867328,0.0,0.0,0.0,0.0,0.0,0.0,0.0,0.0,-10041.949851094789,-0.00868784983251592,-7.022478604180812e-06,0.0,0.0,0.0,386.22903710174387,0.0,3.3295445388341145,56.52631124862948,0.0,0.0,0.0,0.0,0.0,0.0,0.0,0.0,-227.00831833384882,-0.00868784983251592,-7.022478604180812e-06,0.0,446.0848928892075,-227.01701320615993,219.06787968304755
#161#,0.0,0.0,0.0,0.0,4759089.675565264,0.0,0.0,0.0,0.0,0.0,0.0,0.0,0.0,0.0,0.0,0.0,0.0,0.0,0.0,0.0,0.0,0.0,121.89265070620353,0.0,0.0,0.0,0.0,0.0,0.0,0.0,0.0,0.0,0.0,0.0,0.0,0.0,121.89265070620353,0.0,121.89265070620353
#162#,0.0,0.0,0.0,0.0,0.0,4259.903859118217,0.0,107.06910355206938,0.0,0.0,0.0,0.0,0.0,0.0,0.0,0.0,-100.03369035589411,0.0,0.0,0.0,0.0,0.0,0.0,96.29938663922641,0.0,107.06910355206938,0.0,0.0,0.0,0.0,0.0,0.0,0.0,0.0,-100.03369035589411,0.0,203.3684901912958,-100.03369035589411,103.33479983540168
#163#,0.0,0.0,81.37062605791405,0.0,0.0,0.0,0.0,0.0,0.0,0.0,0.0,0.0,-8.935054981297206e-06,0.0,0.0,0.0,0.0,0.0,0.0,0.0,2.018260309688263,0.0,0.0,0.0,0.0,0.0,0.0,0.0,0.0,0.0,-0.8343643692085144,0.0,0.0,0.0,0.0,0.0,2.018260309688263,-0.8343643692085144,1.1838959404797489
#164#,0.0,0.0,0.0,0.0,0.0,0.0,0.00850915765728417,0.0,0.0,0.0,0.0,0.0,0.0,0.0,0.0,0.0,-4.23367116926622e-07,0.0,0.0,0.0,0.0,0.0,0.0,0.0,0.00850915765728417,0.0,0.0,0.0,0.0,0.0,0.0,0.0,0.0,0.0,-4.23367116926622e-07,0.0,0.00850915765728417,-4.23367116926622e-07,0.008508734290167243
#165#,0.0,0.0,0.0,0.0,1755733.773856946,0.0,0.0,0.0,0.0,0.0,0.0,0.0,0.0,0.0,0.0,0.0,0.0,0.0,0.0,0.0,0.0,0.0,44.968903344820866,0.0,0.0,0.0,0.0,0.0,0.0,0.0,0.0,0.0,0.0,0.0,0.0,0.0,44.968903344820866,0.0,44.968903344820866
#166#,0.0,0.0,0.0,0.0,31142334.352791693,0.0,0.0,0.0,0.0,0.0,0.0,0.0,0.0,0.0,0.0,0.0,-126.98176038296444,0.0,0.0,0.0,0.0,0.0,797.6360905596438,0.0,0.0,0.0,0.0,0.0,0.0,0.0,0.0,0.0,0.0,0.0,-126.98176038296444,0.0,797.6360905596438,-126.98176038296444,670.6543301766793
#167#,294652.50273787085,0.0,0.0,0.0,26130268.101537485,23507.562148216093,63.506036711725464,68.76882026229534,0.0,0.0,0.0,0.0,0.0,0.0,-0.0008705769501204086,-0.005215550798856454,-101.2518335533049,0.0,192.30060094788095,0.0,0.0,0.0,669.2640525169027,531.4119499225731,63.506036711725464,68.76882026229534,0.0,0.0,0.0,0.0,0.0,0.0,-1.9680262534421958e-05,-0.005215550798856454,-101.2518335533049,0.0,1525.2514603613774,-101.2570687843663,1423.9943915770111
#168#,0.0,0.0,0.0,0.0,0.0,0.07048372405750329,0.0,0.0,0.0,0.0,0.0,0.0,0.0,0.0,0.0,0.0,-1.1795670228474443e-05,0.0,0.0,0.0,0.0,0.0,0.0,0.0015933550660439195,0.0,0.0,0.0,0.0,0.0,0.0,0.0,0.0,0.0,0.0,-1.1795670228474443e-05,0.0,0.0015933550660439195,-1.1795670228474443e-05,0.001581559395815445
#169#,0.0,0.0,0.0,0.0,0.0,100.14904507942856,0.0,0.0,0.0,0.0,0.0,0.0,0.0,0.0,-14.300597050054565,0.0,0.0,0.0,0.0,0.0,0.0,0.0,0.0,2.2639693130655623,0.0,0.0,0.0,0.0,0.0,0.0,0.0,0.0,-0.3232792969135335,0.0,0.0,0.0,2.2639693130655623,-0.3232792969135335,1.9406900161520286
#170#,0.0,0.0,159002.23125451157,0.0026141064816040727,0.0,0.0,0.0,0.0,0.0,0.0,0.0,0.0,0.0,0.0,-82109.78332377579,0.0,0.0,0.0,0.0,0.0,3943.780551282167,244.10787735866992,0.0,0.0,0.0,0.0,0.0,0.0,0.0,0.0,0.0,0.0,-1856.1737618172756,0.0,0.0,0.0,4187.8884286408365,-1856.1737618172756,2331.714666823561
#171#,0.0,0.0,0.42733944461089607,0.0,0.0,0.0,0.0,0.0,0.0,0.0,0.0,0.0,0.0,0.0,-0.21067198601445078,0.0,-1.092532742476496e-07,0.0,0.0,0.0,0.010599429814003662,0.0,0.0,0.0,0.0,0.0,0.0,0.0,0.0,0.0,0.0,0.0,-0.004762450915842675,0.0,-1.092532742476496e-07,0.0,0.010599429814003662,-0.004762560169116923,0.005836869644886739
#172#,0.0,0.0,0.0,0.0,0.0,0.0,0.0,0.0,9.99519048729011e-05,0.0,0.0,0.0,0.0,0.0,0.0,0.0,0.0,0.0,0.0,0.0,0.0,0.0,0.0,0.0,0.0,0.0,0.0,0.0,0.0,0.0,0.0,0.0,0.0,0.0,0.0,0.0,0.0,0.0,0.0
#173#,0.0,337.6494982337684,50.09995050675981,4.663285526051707e-05,38823.807187380924,50.00955458426406,1.3900185407169299,1.2701383693955208,0.0004112284027725055,0.0,0.0,0.0,0.0,0.0,0.0,0.0,-0.0002146019186887346,0.0,0.0,1.1922596918147352,1.2426442627241574,4.354622657082344,0.9943785663198982,1.1305159909318734,1.3900185407169299,1.2701383693955208,0.0,0.0,0.0,0.0,0.0,0.0,0.0,0.0,-0.0002146019186887346,0.0,11.574578078985459,-0.0002146019186887346,11.57436347706677
#174#,0.0,0.0,0.0,0.0,0.0,19.023139780854315,0.0,0.01024147068261143,0.0,0.0,0.0,0.0,0.0,0.0,-3.014776008608269,0.0,0.0,0.0,0.0,0.0,0.0,0.0,0.0,0.43003709788599265,0.0,0.01024147068261143,0.0,0.0,0.0,0.0,0.0,0.0,-0.06815202645059854,0.0,0.0,0.0,0.4402785685686041,-0.06815202645059854,0.37212654211800555
#175#,0.0,0.0,0.0,0.0,0.0,1.001459223114049,0.0,0.0,0.0,0.0,0.0,0.0,0.0,0.0,0.0,0.0,0.0,0.0,0.0,0.0,0.0,0.0,0.0,0.02263898719771619,0.0,0.0,0.0,0.0,0.0,0.0,0.0,0.0,0.0,0.0,0.0,0.0,0.02263898719771619,0.0,0.02263898719771619
#176#,0.0,0.0,0.03696444645858174,0.0,0.0,0.0,0.0,0.0,0.0,0.0,0.0,0.0,0.0,0.0,0.0,0.0,-8.147823751493836e-05,0.0,0.0,0.0,0.0009168403731323692,0.0,0.0,0.0,0.0,0.0,0.0,0.0,0.0,0.0,0.0,0.0,0.0,0.0,-8.147823751493836e-05,0.0,0.0009168403731323692,-8.147823751493836e-05,0.0008353621356174309
#177#,0.0,0.0,0.0,0.0,0.0,0.0,0.0,0.0,0.0,0.0,0.0,0.0,0.0,0.0,0.0,0.0,0.0,0.0,0.0,0.0,0.0,0.0,0.0,0.0,0.0,0.0,0.0,0.0,0.0,0.0,0.0,0.0,0.0,0.0,0.0,0.0,0.0,0.0,0.0
#178#,0.0,0.0,0.0,0.0,0.0,15469.146754123074,0.0,0.0,0.0,0.0,0.0,0.0,0.0,0.0,0.0,0.0,-224.69758606471152,0.0,0.0,0.0,0.0,0.0,0.0,349.6955315237062,0.0,0.0,0.0,0.0,0.0,0.0,0.0,0.0,0.0,0.0,-224.69758606471152,0.0,349.6955315237062,-224.69758606471152,124.9979454589947
#179#,0.0,0.0,0.0,0.0,0.0,0.0,0.0,0.0,0.0,0.0,0.0,0.0,0.0,0.0,0.0,0.0,0.0,0.0,0.0,0.0,0.0,0.0,0.0,0.0,0.0,0.0,0.0,0.0,0.0,0.0,0.0,0.0,0.0,0.0,0.0,0.0,0.0,0.0,0.0
#180#,0.0,0.0,0.0,0.0,0.0,0.0,0.0,204.74251240103646,0.0,0.0,0.0,0.0,0.0,0.0,0.0,0.0,0.0,0.0,0.0,0.0,0.0,0.0,0.0,0.0,0.0,204.74251240103646,0.0,0.0,0.0,0.0,0.0,0.0,0.0,0.0,0.0,0.0,204.74251240103646,0.0,204.74251240103646
#181#,0.0,0.0,49700.006574048006,0.0,0.0,0.0,0.0,0.0,0.0,0.0,0.0,0.0,0.0,0.0,0.0,0.0,-413.7244562855158,0.0,0.0,0.0,1232.724332098106,0.0,0.0,0.0,0.0,0.0,0.0,0.0,0.0,0.0,0.0,0.0,0.0,0.0,-413.7244562855158,0.0,1232.724332098106,-413.7244562855158,818.9998758125903
#182#,0.0,0.0,0.0,0.0,0.0,0.0,0.0,0.0,0.0,0.0,0.0,0.0,0.0,0.0,0.0,0.0,0.0,0.0,0.0,0.0,0.0,0.0,0.0,0.0,0.0,0.0,0.0,0.0,0.0,0.0,0.0,0.0,0.0,0.0,0.0,0.0,0.0,0.0,0.0
#183#,0.0,0.0,0.0,0.0,0.0,3525.837065180209,0.0,0.0,0.0,0.0,0.0,0.0,0.0,0.0,0.0,-26.9954032140791,0.0,0.0,0.0,0.0,0.0,0.0,0.0,79.7050726954638,0.0,0.0,0.0,0.0,0.0,0.0,0.0,0.0,0.0,-26.9954032140791,0.0,0.0,79.7050726954638,-26.9954032140791,52.709669481384694
#184#,0.0,0.0,0.0,0.0,72644592.44553506,0.0,0.0,0.0,0.0,0.0,0.0,0.0,0.0,0.0,0.0,0.0,0.0,0.0,0.0,0.0,0.0,0.0,1860.6167431813262,0.0,0.0,0.0,0.0,0.0,0.0,0.0,0.0,0.0,0.0,0.0,0.0,0.0,1860.6167431813262,0.0,1860.6167431813262
#185#,0.0,0.0,0.0,0.0,0.0,0.0,0.0,0.0,0.0,0.0,0.0,0.0,0.0,0.0,0.0,0.0,0.0,0.0,0.0,0.0,0.0,0.0,0.0,0.0,0.0,0.0,0.0,0.0,0.0,0.0,0.0,0.0,0.0,0.0,0.0,0.0,0.0,0.0,0.0
#186#,35240.630402561874,0.0,0.0,0.0,2124200.9243369615,10012.980957131775,0.0,0.0,0.0,0.0,0.0,0.0,0.0,0.0,0.0,0.0,0.0,-0.03018376282360426,22.999276575714656,0.0,0.0,0.0,54.40630434627101,226.3534475169209,0.0,0.0,0.0,0.0,0.0,0.0,0.0,0.0,0.0,0.0,0.0,0.0,303.75902843890657,0.0,303.75902843890657
#187#,0.0,0.0,0.0,0.0,0.0,8.493903194078785,0.0,0.0,0.0,0.0,0.0,0.0,-1.8526703933485149e-09,0.0,0.0,-0.11023391303157645,-0.018451172773279303,0.0,0.0,0.0,0.0,0.0,0.0,0.192013175605345,0.0,0.0,0.0,0.0,0.0,0.0,-0.00017300421400127768,0.0,0.0,-0.11023391303157645,-0.018451172773279303,0.0,0.192013175605345,-0.12885809001885704,0.06315508558648797
#188#,0.0,0.0,5416.082941584438,0.0,0.0,0.0,0.0,0.0,0.0,0.0,0.0,0.0,0.0,0.0,0.0,-41.07913222819921,0.0,0.0,0.0,0.0,134.33674735646673,0.0,0.0,0.0,0.0,0.0,0.0,0.0,0.0,0.0,0.0,0.0,0.0,-41.07913222819921,0.0,0.0,134.33674735646673,-41.07913222819921,93.25761512826753
#189#,0.0,0.0,14000.353592241323,0.0,3578800.699478765,0.0,0.0,0.0,0.0,0.0,0.0,0.0,0.0,0.0,0.0,-4.3680135814205335e-07,-155.38695740949137,0.0,0.0,0.0,347.2550150555707,0.0,91.6623836378684,0.0,0.0,0.0,0.0,0.0,0.0,0.0,0.0,0.0,0.0,-4.3680135814205335e-07,-155.38695740949137,0.0,438.9173986934391,-155.38695784629274,283.53044084714634
#190#,0.0,0.0,0.0,0.0,2000000.0,90091.16760163901,0.0,0.0,0.0,0.0,0.0,0.0,0.0,0.0,0.0,-455.6049316912021,-726.2390163435015,0.0,0.0,0.0,0.0,0.0,51.225196,2036.6009348026516,0.0,0.0,0.0,0.0,0.0,0.0,0.0,0.0,0.0,-455.6049316912021,-726.2390163435015,0.0,2087.8261308026517,-1181.8439480347035,905.9821827679482
#191#,0.0,0.0,0.0,0.0,0.0,30038.031984707002,0.0,0.0,0.0,0.0,0.0,0.0,0.0,0.0,0.0,0.0,-291.1070332911756,0.0,0.0,0.0,0.0,0.0,0.0,679.0397510462865,0.0,0.0,0.0,0.0,0.0,0.0,0.0,0.0,0.0,0.0,-291.1070332911756,0.0,679.0397510462865,-291.1070332911756,387.9327177551109
#192#,0.0,0.0,0.0,0.0,707525.2040305999,0.0,0.0,0.0,0.0,0.0,0.0,0.0,0.0,0.0,0.0,0.0,0.0,0.0,0.0,0.0,0.0,0.0,18.121558625703734,0.0,0.0,0.0,0.0,0.0,0.0,0.0,0.0,0.0,0.0,0.0,0.0,0.0,18.121558625703734,0.0,18.121558625703734
#193#,0.0,0.0,0.0,0.0,0.0,0.0,0.0,0.0,0.0,0.0,0.0,0.0,0.0,0.0,0.0,0.0,0.0,0.0,0.0,0.0,0.0,0.0,0.0,0.0,0.0,0.0,0.0,0.0,0.0,0.0,0.0,0.0,0.0,0.0,0.0,0.0,0.0,0.0,0.0
#194#,0.0,0.0,0.0,0.0,371105.3650594612,523.4357314643347,2.218388764055521,2.2385939314671366,0.0,0.0,0.0,0.0,0.0,0.0,-138.88443271194808,-2.026015692527439,-2.3373994130481046,0.0,0.0,0.0,0.0,0.0,9.504972530911225,11.83278814548275,2.218388764055521,2.2385939314671366,0.0,0.0,0.0,0.0,0.0,0.0,-3.1396214858862983,-2.026015692527439,-2.3373994130481046,0.0,25.79474337191663,-7.503036591461842,18.29170678045479
#195#,0.0,0.0,1506595.713335832,0.0,0.0,0.0,0.0,0.0,0.0,0.0,0.0,0.0,0.0,0.0,0.0,0.0,-8251.73867046282,0.0,0.0,0.0,37368.550277688926,0.0,0.0,0.0,0.0,0.0,0.0,0.0,0.0,0.0,0.0,0.0,0.0,0.0,-8251.73867046282,0.0,37368.550277688926,-8251.73867046282,29116.811607226104
#196#,0.0,0.0,49942.94019814717,0.0,0.0,0.0,0.0,0.0,0.0,0.0,0.0,0.0,0.0,0.0,-20083.600976889564,0.0,0.0,0.0,0.0,0.0,1238.7498884341123,0.0,0.0,0.0,0.0,0.0,0.0,0.0,0.0,0.0,0.0,0.0,-454.0098836835655,0.0,0.0,0.0,1238.7498884341123,-454.0098836835655,784.7400047505469
#197#,0.0,0.0,0.0,0.0,354749.17698722787,295.8182396275879,0.0,0.0,0.0,0.0,0.0,0.0,0.0,0.0,-247.77180252470126,0.0,0.0,0.0,0.0,0.0,0.0,0.0,9.086048061004718,6.687267125021252,0.0,0.0,0.0,0.0,0.0,0.0,0.0,0.0,-5.601129367873397,0.0,0.0,0.0,15.77331518602597,-5.601129367873397,10.172185818152574
#198#,0.0,0.0,0.0,0.0,200861991.23858,0.0,0.0,0.0,0.0,0.0,0.0,0.0,0.0,0.0,-50338.833769771096,0.0,0.0,0.0,0.0,0.0,0.0,0.0,5144.59743507327,0.0,0.0,0.0,0.0,0.0,0.0,0.0,0.0,0.0,-1137.9596761994455,0.0,0.0,0.0,5144.59743507327,-1137.9596761994455,4006.637758873825
#199#,0.0,0.0,0.0,0.0,0.0,0.0,0.0,0.0,0.0,0.0,0.0,0.0,0.0,0.0,0.0,0.0,0.0,0.0,0.0,0.0,0.0,0.0,0.0,0.0,0.0,0.0,0.0,0.0,0.0,0.0,0.0,0.0,0.0,0.0,0.0,0.0,0.0,0.0,0.0
#200#,0.0,0.0,0.0,0.0,124893057.290877,0.0,0.0,0.0,0.0,0.0,0.0,0.0,0.0,0.0,-32157.851678987965,0.0,0.0,0.0,0.0,0.0,0.0,0.0,3198.835669382201,0.0,0.0,0.0,0.0,0.0,0.0,0.0,0.0,0.0,-726.960395055202,0.0,0.0,0.0,3198.835669382201,-726.960395055202,2471.8752743269993
#201#,0.0,0.0,0.0,0.0,125533802.476167,0.0,0.0,0.0,0.0,0.0,0.0,0.0,0.0,0.0,-32901.74082730297,0.0,0.0,0.0,0.0,0.0,0.0,0.0,3215.2468182334696,0.0,0.0,0.0,0.0,0.0,0.0,0.0,0.0,0.0,-743.776753142011,0.0,0.0,0.0,3215.2468182334696,-743.776753142011,2471.4700650914588
#202#,0.0,0.0,0.0,0.0,0.0,0.0,0.0,0.0,0.0,0.0,0.0,0.0,0.0,0.0,0.0,0.0,0.0,0.0,0.0,0.0,0.0,0.0,0.0,0.0,0.0,0.0,0.0,0.0,0.0,0.0,0.0,0.0,0.0,0.0,0.0,0.0,0.0,0.0,0.0
#203#,0.0,0.0,0.0,0.0,0.0,0.0,0.0,0.0,0.0,0.0,0.0,0.0,0.0,0.0,0.0,0.0,0.0,0.0,0.0,0.0,0.0,0.0,0.0,0.0,0.0,0.0,0.0,0.0,0.0,0.0,0.0,0.0,0.0,0.0,0.0,0.0,0.0,0.0,0.0
#204#,0.0,0.0,0.0,0.0,364000.0,0.0,0.0,0.0,0.0,0.0,0.0,0.0,0.0,0.0,0.0,0.0,0.0,0.0,0.0,0.0,0.0,0.0,9.322985672,0.0,0.0,0.0,0.0,0.0,0.0,0.0,0.0,0.0,0.0,0.0,0.0,0.0,9.322985672,0.0,9.322985672
#205#,0.0,0.0,90002.23896274975,0.0,0.0,0.0,0.0,0.0,0.0,0.0,0.0,0.0,0.0,0.0,0.0,0.0,-1034.7352410215863,0.0,0.0,0.0,2232.3528216719355,0.0,0.0,0.0,0.0,0.0,0.0,0.0,0.0,0.0,0.0,0.0,0.0,0.0,-1034.7352410215863,0.0,2232.3528216719355,-1034.7352410215863,1197.6175806503493
#206#,0.0,0.0,0.0,0.0,120195705.99162656,0.0,0.0,0.0,0.0,0.0,0.0,0.0,0.0,0.0,0.0,0.0,0.0,0.0,0.0,0.0,0.0,0.0,3078.524298889722,0.0,0.0,0.0,0.0,0.0,0.0,0.0,0.0,0.0,0.0,0.0,0.0,0.0,3078.524298889722,0.0,3078.524298889722
#207#,0.0,0.0,189642.66500869056,0.0,0.0,0.0,0.0,0.0,0.0,0.0,0.0,0.0,0.0,0.0,-115451.90566747323,0.0,0.0,0.0,0.0,0.0,4703.764519866583,0.0,0.0,0.0,0.0,0.0,0.0,0.0,0.0,0.0,0.0,0.0,-2609.9057795189,0.0,0.0,0.0,4703.764519866583,-2609.9057795189,2093.858740347683
#208#,0.0,0.0,0.0,0.0,0.0,0.0,0.0,0.0,0.0,0.0,0.0,0.0,0.0,0.0,0.0,0.0,0.0,0.0,0.0,0.0,0.0,0.0,0.0,0.0,0.0,0.0,0.0,0.0,0.0,0.0,0.0,0.0,0.0,0.0,0.0,0.0,0.0,0.0,0.0
#209#,0.0,0.0,0.0,0.0,2.7885185755084767,0.0,0.0,0.0,0.0,0.0,0.0,0.0,0.0,0.0,0.0,-5.427375387255093e-05,0.0,0.0,0.0,0.0,0.0,0.0,7.142120529003125e-05,0.0,0.0,0.0,0.0,0.0,0.0,0.0,0.0,0.0,0.0,-5.427375387255093e-05,0.0,0.0,7.142120529003125e-05,-5.427375387255093e-05,1.7147451417480318e-05
#210#,0.0,0.0,0.0,0.1176773081639255,0.0,0.0,0.0,11365.402331767738,2.589992106822254,0.0,0.0,0.0,0.0,0.0,0.0,0.0,0.0,0.0,0.0,0.0,0.0,10988.824713655527,0.0,0.0,0.0,11365.402331767738,0.0,0.0,0.0,0.0,0.0,0.0,0.0,0.0,0.0,0.0,22354.227045423264,0.0,22354.227045423264
#211#,0.0,0.0,0.0,0.0,0.0,219.23140950595504,0.0,0.0,0.0,0.0,0.0,0.0,0.0,0.0,-138.92425345940424,0.0,0.0,0.0,0.0,0.0,0.0,0.0,0.0,4.95594524329162,0.0,0.0,0.0,0.0,0.0,0.0,0.0,0.0,-3.1405216737032924,0.0,0.0,0.0,4.95594524329162,-3.1405216737032924,1.8154235695883272
#212#,0.0,0.0,0.0,0.0,0.0,0.0,0.0,0.0,0.0,0.0,0.0,0.0,0.0,0.0,0.0,0.0,0.0,0.0,0.0,0.0,0.0,0.0,0.0,0.0,0.0,0.0,0.0,0.0,0.0,0.0,0.0,0.0,0.0,0.0,0.0,0.0,0.0,0.0,0.0
#213#,0.0,0.0,0.0,0.0,0.0,0.16274681305078248,0.0,0.0,0.0,0.0,0.0,0.0,0.0,0.0,0.0,-0.0015689161534523065,0.0,0.0,0.0,0.0,0.0,0.0,0.0,0.003679054455825989,0.0,0.0,0.0,0.0,0.0,0.0,0.0,0.0,0.0,-0.0015689161534523065,0.0,0.0,0.003679054455825989,-0.0015689161534523065,0.0021101383023736826
#214#,0.0,0.0,0.0,0.0,0.0,0.0,0.0,0.0,0.0,0.0,0.0,0.0,0.0,0.0,0.0,0.0,0.0,0.0,0.0,0.0,0.0,0.0,0.0,0.0,0.0,0.0,0.0,0.0,0.0,0.0,0.0,0.0,0.0,0.0,0.0,0.0,0.0,0.0,0.0
#215#,0.0,0.0,0.0,0.0,0.21809304634257623,0.0,0.0,0.0,0.0,0.0,0.0,-0.00010287519752193725,0.0,0.0,0.0,0.0,0.0,0.0,0.0,0.0,0.0,0.0,5.585929522567775e-06,0.0,0.0,0.0,0.0,0.0,0.0,-2.5516447158964983e-06,0.0,0.0,0.0,0.0,0.0,0.0,5.585929522567775e-06,-2.5516447158964983e-06,3.0342848066712766e-06
#216#,0.0,20000.0,0.0,0.0,4505000.0,4002.324009087341,0.0,0.0,0.0,0.0,0.0,0.0,0.0,0.0,-0.00024312566586608687,0.0,-101.0960229880372,0.0,0.0,70.621144,0.0,0.0,115.38475399,90.47653654942843,0.0,0.0,0.0,0.0,0.0,0.0,0.0,0.0,-5.49609880256876e-06,0.0,-101.0960229880372,0.0,276.4824345394284,-101.09602848413601,175.3864060552924
#217#,0.0,0.0,0.0,0.0,70649027.12715916,0.0,0.0,0.0,0.0,0.0,0.0,0.0,0.0,0.0,0.0,0.0,-542.015689933491,0.0,0.0,0.0,0.0,0.0,1809.5051308990223,0.0,0.0,0.0,0.0,0.0,0.0,0.0,0.0,0.0,0.0,0.0,-542.015689933491,0.0,1809.5051308990223,-542.015689933491,1267.4894409655312
#218#,0.0,0.0,0.0,0.0,1374893.1180070762,0.0,0.0,0.0,0.0,0.0,0.0,0.0,0.0,0.0,0.0,0.0,0.0,0.0,0.0,0.0,0.0,0.0,35.2145847244818,0.0,0.0,0.0,0.0,0.0,0.0,0.0,0.0,0.0,0.0,0.0,0.0,0.0,35.2145847244818,0.0,35.2145847244818
#219#,0.0,0.0,0.0,0.0,0.0,133141.98886031742,0.0,0.0,0.0,0.0,0.0,0.0,0.0,0.0,0.0,0.0,-1335.0896456758933,0.0,0.0,0.0,0.0,0.0,0.0,3009.8078001763356,0.0,0.0,0.0,0.0,0.0,0.0,0.0,0.0,0.0,0.0,-1335.0896456758933,0.0,3009.8078001763356,-1335.0896456758933,1674.7181545004423
#220#,0.0,0.0,0.0,0.0,2994158.2003201223,0.0,0.0,0.0,0.0,0.0,0.0,-0.0001328258505687042,0.0,0.0,0.0,0.0,0.0,0.0,0.0,0.0,0.0,0.0,76.68817033320275,0.0,0.0,0.0,0.0,0.0,0.0,-3.294519844453463e-06,0.0,0.0,0.0,0.0,0.0,0.0,76.68817033320275,-3.294519844453463e-06,76.6881670386829
#221#,0.0,0.0,0.0,0.0,0.0,500.52623023795354,0.0,0.0,0.0,0.0,0.0,0.0,0.0,0.0,-301.08379370102614,0.0,0.0,0.0,0.0,0.0,0.0,0.0,0.0,11.314895960759179,0.0,0.0,0.0,0.0,0.0,0.0,0.0,0.0,-6.806300240405397,0.0,0.0,0.0,11.314895960759179,-6.806300240405397,4.508595720353782
#222#,0.0,0.0,0.0,0.0,0.0,2602.6432015807595,0.0,0.0,0.0,0.0,0.0,0.0,0.0,0.0,-0.0002622057487364729,0.0,0.0,0.0,0.0,0.0,0.0,0.0,0.0,58.83535221493465,0.0,0.0,0.0,0.0,0.0,0.0,0.0,0.0,-5.927423155936706e-06,0.0,0.0,0.0,58.83535221493465,-5.927423155936706e-06,58.8353462875115
#223#,0.0,0.0,0.0,0.0,0.0,0.0,0.0,0.0,0.0,0.0,0.0,0.0,0.0,0.0,0.0,0.0,0.0,0.0,0.0,0.0,0.0,0.0,0.0,0.0,0.0,0.0,0.0,0.0,0.0,0.0,0.0,0.0,0.0,0.0,0.0,0.0,0.0,0.0,0.0
#224#,0.0,0.0,0.0,0.0,4948.449053354674,0.0,0.0,0.0,0.0,0.0,0.0,0.0,0.0,0.0,0.0,0.0,-0.0946584660333053,0.0,0.0,0.0,0.0,0.0,0.1267426363270538,0.0,0.0,0.0,0.0,0.0,0.0,0.0,0.0,0.0,0.0,0.0,-0.0946584660333053,0.0,0.1267426363270538,-0.0946584660333053,0.03208417029374849
#225#,0.0,0.0,0.0,0.0,200000000.0,0.0,0.0,0.0,0.0,0.0,0.0,0.0,0.0,0.0,-31775.50261166222,0.0,0.0,0.0,0.0,0.0,0.0,0.0,5122.5196,0.0,0.0,0.0,0.0,0.0,0.0,0.0,0.0,0.0,-718.3170120392363,0.0,0.0,0.0,5122.5196,-718.3170120392363,4404.202587960764
#226#,0.0,0.0,821002.511922305,0.0,0.0,0.0,0.0,0.0,0.0,0.0,0.0,0.0,0.0,0.0,0.0,0.0,0.0,0.0,0.0,0.0,20363.574231170547,0.0,0.0,0.0,0.0,0.0,0.0,0.0,0.0,0.0,0.0,0.0,0.0,0.0,0.0,0.0,20363.574231170547,0.0,20363.574231170547
#227#,0.0,0.0,0.0,0.0,15426391.127942415,0.0,0.0,0.0,0.0,0.0,0.0,0.0,0.0,0.0,0.0,0.0,-61.8630949225326,0.0,0.0,0.0,0.0,0.0,395.1099545507556,0.0,0.0,0.0,0.0,0.0,0.0,0.0,0.0,0.0,0.0,0.0,-61.8630949225326,0.0,395.1099545507556,-61.8630949225326,333.24685962822304
#228#,0.0,0.0,0.0,0.0,403350617.227783,0.0,0.0,0.0,0.0,0.0,0.0,0.0,0.0,0.0,-60081.93648448297,0.0,0.0,0.0,0.0,0.0,0.0,0.0,10330.85721210708,0.0,0.0,0.0,0.0,0.0,0.0,0.0,0.0,0.0,-1358.212256168222,0.0,0.0,0.0,10330.85721210708,-1358.212256168222,8972.644955938857
#229#,0.0,0.0,0.0,0.0,0.0,108078.37709096273,0.0,0.0,0.0,0.0,0.0,0.0,0.0,0.0,-0.0001636520311720457,0.0,-1364.319007699893,0.0,0.0,0.0,0.0,0.0,0.0,2443.2197925183036,0.0,0.0,0.0,0.0,0.0,0.0,0.0,0.0,-3.6995178166752654e-06,0.0,-1364.319007699893,0.0,2443.2197925183036,-1364.3190113994108,1078.9007811188928
#230#,0.0,0.0,0.0,0.0,100513059.662396,0.0,0.0,0.0,0.0,0.0,0.0,0.0,0.0,0.0,-25189.980297428294,0.0,0.0,0.0,0.0,0.0,0.0,0.0,2574.400590882964,0.0,0.0,0.0,0.0,0.0,0.0,0.0,0.0,0.0,-569.4446946036641,0.0,0.0,0.0,2574.400590882964,-569.4446946036641,2004.9558962792998
#231#,0.0,0.0,0.0,0.0,0.0,42.446986976688734,0.0,0.0,0.0,0.0,0.0,0.0,0.0,0.0,0.0,0.0,-0.3773777956934817,0.0,0.0,0.0,0.0,0.0,0.0,0.9595565875950256,0.0,0.0,0.0,0.0,0.0,0.0,0.0,0.0,0.0,0.0,-0.3773777956934817,0.0,0.9595565875950256,-0.3773777956934817,0.582178791901544
#232#,0.0,0.0,5484.595294451631,0.0,0.0,0.0,0.0,0.0,0.0,0.0,0.0,-4.608274010075143e-05,0.0,0.0,0.0,0.0,0.0,0.0,0.0,0.0,136.0360800175771,0.0,0.0,0.0,0.0,0.0,0.0,0.0,0.0,-1.1430041750057364e-06,0.0,0.0,0.0,0.0,0.0,0.0,136.0360800175771,-1.1430041750057364e-06,136.03607887457292
#233#,0.0,0.0,0.0,0.0,0.0,0.0003094634604573099,0.0,0.0,0.0,0.0,0.0,0.0,0.0,0.0,0.0,0.0,-7.46902971685025e-06,0.0,0.0,0.0,0.0,0.0,0.0,6.995730987097949e-06,0.0,0.0,0.0,0.0,0.0,0.0,0.0,0.0,0.0,0.0,-7.46902971685025e-06,0.0,6.995730987097949e-06,-7.46902971685025e-06,-4.732987297523009e-07
#234#,0.0,0.0,0.0,0.0,0.0,0.0,0.0,0.0,0.0,0.0,0.0,0.0,0.0,0.0,0.0,0.0,0.0,0.0,0.0,0.0,0.0,0.0,0.0,0.0,0.0,0.0,0.0,0.0,0.0,0.0,0.0,0.0,0.0,0.0,0.0,0.0,0.0,0.0,0.0
#235#,0.0,0.0,0.0,0.0,12002909.558332477,0.0,0.0,0.0,0.0,0.0,0.0,0.0,0.0,0.0,0.0,0.0,0.0,0.0,0.0,0.0,0.0,0.0,307.42569734792727,0.0,0.0,0.0,0.0,0.0,0.0,0.0,0.0,0.0,0.0,0.0,0.0,0.0,307.42569734792727,0.0,307.42569734792727
#236#,0.0,0.0,0.0,0.0,38616.49475437228,0.0,0.0,4.6547603569692795,0.0,0.0,0.0,0.0,0.0,0.0,0.0,0.0,0.0,0.0,0.0,0.0,0.0,0.0,0.9890687563128459,0.0,0.0,4.6547603569692795,0.0,0.0,0.0,0.0,0.0,0.0,0.0,0.0,0.0,0.0,5.643829113282125,0.0,5.643829113282125
#237#,0.0,0.0,0.0,0.0,3000000.0,40031.956627992055,0.0,0.0,0.0,0.0,0.0,0.0,0.0,0.0,0.0,-309.2317773508514,-304.98961178304177,0.0,0.0,0.0,0.0,0.0,76.83779399999999,904.9624115323884,0.0,0.0,0.0,0.0,0.0,0.0,0.0,0.0,0.0,-309.2317773508514,-304.98961178304177,0.0,981.8002055323884,-614.2213891338931,367.5788163984953
#238#,0.0,0.0,0.0,0.0,0.0,0.0,0.0,0.0,0.0,0.0,0.0,0.0,0.0,0.0,0.0,0.0,0.0,0.0,0.0,0.0,0.0,0.0,0.0,0.0,0.0,0.0,0.0,0.0,0.0,0.0,0.0,0.0,0.0,0.0,0.0,0.0,0.0,0.0,0.0
#239#,0.0,0.0,0.0,0.0,0.0,0.3294512370759809,589.8825717649798,0.0,0.0,0.0,0.0,0.0,0.0,0.0,0.0,-0.0009217854561789881,-401.1882658364487,0.0,0.0,0.0,0.0,0.0,0.0,0.007447574665339625,589.8825717649798,0.0,0.0,0.0,0.0,0.0,0.0,0.0,0.0,-0.0009217854561789881,-401.1882658364487,0.0,589.8900193396452,-401.18918762190486,188.7008317177403
#240#,0.0,0.0,0.0,0.0,62654.88238951397,0.0,0.0,0.0,0.0,0.0,0.0,0.0,0.0,0.0,0.0,0.0,0.0,0.0,0.0,0.0,0.0,0.0,1.6047543153799007,0.0,0.0,0.0,0.0,0.0,0.0,0.0,0.0,0.0,0.0,0.0,0.0,0.0,1.6047543153799007,0.0,1.6047543153799007
#241#,0.0,0.0,0.0,0.0,0.0,10007.600337210293,0.0,0.0,0.0,0.0,0.0,0.0,0.0,0.0,0.0,0.0,-101.39505669201978,0.0,0.0,0.0,0.0,0.0,0.0,226.2318132229759,0.0,0.0,0.0,0.0,0.0,0.0,0.0,0.0,0.0,0.0,-101.39505669201978,0.0,226.2318132229759,-101.39505669201978,124.83675653095611
#242#,0.0,0.0,0.0,0.0,0.0,0.0,0.0,0.0,0.0,0.0,0.0,0.0,0.0,0.0,0.0,0.0,0.0,0.0,0.0,0.0,0.0,0.0,0.0,0.0,0.0,0.0,0.0,0.0,0.0,0.0,0.0,0.0,0.0,0.0,0.0,0.0,0.0,0.0,0.0
#243#,0.0,0.0,0.0,0.0,0.0,120045.78303100789,0.0,0.0,0.0,0.0,0.0,0.0,0.0,0.0,0.0,0.0,-1209.4846389564584,0.0,0.0,0.0,0.0,0.0,0.0,2713.7549711989645,0.0,0.0,0.0,0.0,0.0,0.0,0.0,0.0,0.0,0.0,-1209.4846389564584,0.0,2713.7549711989645,-1209.4846389564584,1504.2703322425061
#244#,0.0,0.0,0.0,0.0,0.0,0.0,98.7853422440874,100.8026569365634,0.0,0.0,0.0,0.0,0.0,0.0,0.0,-41.02306493829018,-5.070248556548041,0.0,0.0,0.0,0.0,0.0,0.0,0.0,98.7853422440874,100.8026569365634,0.0,0.0,0.0,0.0,0.0,0.0,0.0,-41.02306493829018,-5.070248556548041,0.0,199.5879991806508,-46.09331349483823,153.49468568581256
#245#,0.0,0.0,8630.773082439793,0.0,0.0,0.0,0.0,0.0,0.0,0.0,0.0,0.0,0.0,0.0,0.0,0.0,-134.98084383530397,0.0,0.0,0.0,214.0716816141528,0.0,0.0,0.0,0.0,0.0,0.0,0.0,0.0,0.0,0.0,0.0,0.0,0.0,-134.98084383530397,0.0,214.0716816141528,-134.98084383530397,79.09083777884882
#246#,0.0,0.0,0.0,0.0,0.0,0.0,0.0,0.0,0.0,0.0,0.0,0.0,0.0,0.0,0.0,0.0,0.0,0.0,0.0,0.0,0.0,0.0,0.0,0.0,0.0,0.0,0.0,0.0,0.0,0.0,0.0,0.0,0.0,0.0,0.0,0.0,0.0,0.0,0.0
#247#,0.0,0.0,0.0,0.0,0.0,0.0,0.0,9.111733775405513,0.0,0.0,0.0,0.0,0.0,0.0,-179.18818483016258,0.0,-1.4417367862712401e-05,0.0,0.0,0.0,0.0,0.0,0.0,0.0,0.0,9.111733775405513,0.0,0.0,0.0,0.0,0.0,0.0,-4.050728106270656,0.0,-1.4417367862712401e-05,0.0,9.111733775405513,-4.050742523638519,5.060991251766994
#248#,3228.237077504241,0.0,0.0,0.0,0.0,0.0,0.0,0.0,0.0,0.0,0.0,0.0,0.0,0.0,0.0,0.0,-6.255233460549062e-07,0.0,2.1068612152891375,0.0,0.0,0.0,0.0,0.0,0.0,0.0,0.0,0.0,0.0,0.0,0.0,0.0,0.0,0.0,-6.255233460549062e-07,0.0,2.1068612152891375,-6.255233460549062e-07,2.1068605897657915
#249#,2000000.0,0.0,0.0,0.0,0.0,0.0,0.0,0.0,0.0,0.0,0.0,0.0,0.0,0.0,0.0,0.0,0.0,0.0,1305.27044,0.0,0.0,0.0,0.0,0.0,0.0,0.0,0.0,0.0,0.0,0.0,0.0,0.0,0.0,0.0,0.0,0.0,1305.27044,0.0,1305.27044
#250#,4000000.0,0.0,0.0,0.0,0.0,0.0,0.0,0.0,0.0,0.0,0.0,0.0,0.0,0.0,0.0,0.0,0.0,0.0,2610.54088,0.0,0.0,0.0,0.0,0.0,0.0,0.0,0.0,0.0,0.0,0.0,0.0,0.0,0.0,0.0,0.0,0.0,2610.54088,0.0,2610.54088
#251#,450000.0,150000.0,0.0,0.0,0.0,0.0,0.0,0.0,0.0,0.0,0.0,0.0,0.0,0.0,0.0,0.0,-161.7326808290221,0.0,293.685849,529.65858,0.0,0.0,0.0,0.0,0.0,0.0,0.0,0.0,0.0,0.0,0.0,0.0,0.0,0.0,-161.7326808290221,0.0,823.344429,-161.7326808290221,661.6117481709779
#252#,0.0,0.0,0.0,0.0,0.0,0.0,0.0,0.0,0.0,0.0,0.0,0.0,0.0,0.0,0.0,0.0,0.0,0.0,0.0,0.0,0.0,0.0,0.0,0.0,0.0,0.0,0.0,0.0,0.0,0.0,0.0,0.0,0.0,0.0,0.0,0.0,0.0,0.0,0.0
#253#,0.0,0.0,0.0,0.0,0.0,60018.80069740682,0.0,0.0,0.0,0.0,0.0,0.0,0.0,0.0,0.0,0.0,-302.12590290653105,0.0,0.0,0.0,0.0,0.0,0.0,1356.7850085655787,0.0,0.0,0.0,0.0,0.0,0.0,0.0,0.0,0.0,0.0,-302.12590290653105,0.0,1356.7850085655787,-302.12590290653105,1054.6591056590476
#254#,0.0,0.0,17798.583381156634,0.0,0.0,28015.045577306664,0.0,0.0,0.0,0.0,0.0,0.0,0.0,0.0,0.0,-594.1517341436532,0.0,0.0,0.0,0.0,441.4636601333092,0.0,0.0,633.3081203205945,0.0,0.0,0.0,0.0,0.0,0.0,0.0,0.0,0.0,-594.1517341436532,0.0,0.0,1074.7717804539038,-594.1517341436532,480.6200463102506
#255#,1223174.3444733794,0.0,0.0,0.0,0.0,0.0,0.0,0.0,0.0,0.0,0.0,0.0,0.0,0.0,0.0,0.0,0.0,0.0,798.2866574037398,0.0,0.0,0.0,0.0,0.0,0.0,0.0,0.0,0.0,0.0,0.0,0.0,0.0,0.0,0.0,0.0,0.0,798.2866574037398,0.0,798.2866574037398
#256#,0.0,0.0,0.0,0.0,214.3292649193305,24.988257649718317,0.0,0.0,0.0,0.0,0.0,0.0,0.0,0.0,0.0,0.0,0.0,0.0,0.0,0.0,0.0,0.0,0.0054895293020143145,0.5648845524295323,0.0,0.0,0.0,0.0,0.0,0.0,0.0,0.0,0.0,0.0,0.0,0.0,0.5703740817315466,0.0,0.5703740817315466
#257#,0.0,0.0,0.0,0.0,41540691.14420133,10001.897189480396,0.0,0.0,0.0,0.0,0.0,0.0,0.0,0.0,-12637.218123469487,0.0,0.0,0.0,0.0,0.0,0.0,0.0,1063.9650229185886,226.10288786539385,0.0,0.0,0.0,0.0,0.0,0.0,0.0,0.0,-285.6769528991512,0.0,0.0,0.0,1290.0679107839824,-285.6769528991512,1004.3909578848311
#258#,50000.0,50000.0,0.0,0.0,3000000.0,6203.49417650875,0.0,0.0,0.0,0.0,0.0,0.0,0.0,0.0,0.0,0.0,-0.0025953741380838335,0.0,32.631761000000004,176.55286,0.0,0.0,76.83779399999999,140.2361893541568,0.0,0.0,0.0,0.0,0.0,0.0,0.0,0.0,0.0,0.0,-0.0025953741380838335,0.0,426.25860435415683,-0.0025953741380838335,426.25600898001875
#259#,0.0,0.0,0.0,0.0,2184481.8840449797,13283.717577398884,0.0,0.0,0.0,0.0,0.0,0.0,0.0,0.0,-4704.276767341918,0.0,0.0,0.0,0.0,0.0,0.0,0.0,55.950256334326674,300.29171955467916,0.0,0.0,0.0,0.0,0.0,0.0,0.0,0.0,-106.34488060253139,0.0,0.0,0.0,356.24197588900586,-106.34488060253139,249.89709528647447
#260#,0.0,0.0,0.0,0.0,0.0,0.0,0.0,0.0,0.0,0.0,0.0,0.0,0.0,0.0,0.0,0.0,0.0,0.0,0.0,0.0,0.0,0.0,0.0,0.0,0.0,0.0,0.0,0.0,0.0,0.0,0.0,0.0,0.0,0.0,0.0,0.0,0.0,0.0,0.0
#261#,0.0,0.0,0.0,0.0,15411170.37619495,0.0,0.0,0.0,0.0,0.0,0.0,0.0,0.0,0.0,-6474.657430505305,0.0,0.0,0.0,0.0,0.0,0.0,0.0,394.72011155499,0.0,0.0,0.0,0.0,0.0,0.0,0.0,0.0,0.0,-146.36610587400293,0.0,0.0,0.0,394.72011155499,-146.36610587400293,248.3540056809871
#262#,1802.2879170278316,0.0,0.0,0.0,0.0,0.0,0.0,0.0,0.0,0.0,0.0,0.0,0.0,0.0,0.0,-0.008747377074063674,-0.004946704619705124,0.0,1.1762365712328007,0.0,0.0,0.0,0.0,0.0,0.0,0.0,0.0,0.0,0.0,0.0,0.0,0.0,0.0,-0.008747377074063674,-0.004946704619705124,0.0,1.1762365712328007,-0.013694081693768798,1.162542489539032
#263#,0.0,0.0,0.0,0.0,0.0,0.0,0.0,0.0,0.14929230912781613,0.0,0.0,0.0,0.0,0.0,0.0,0.0,0.0,0.0,0.0,0.0,0.0,0.0,0.0,0.0,0.0,0.0,0.0,0.0,0.0,0.0,0.0,0.0,0.0,0.0,0.0,0.0,0.0,0.0,0.0
#264#,0.0,0.0,0.0,0.0,0.0,0.0,0.0,0.0,0.0,0.0,0.0,0.0,0.0,0.0,0.0,0.0,0.0,0.0,0.0,0.0,0.0,0.0,0.0,0.0,0.0,0.0,0.0,0.0,0.0,0.0,0.0,0.0,0.0,0.0,0.0,0.0,0.0,0.0,0.0
#265#,0.0,0.0,0.0,0.0,0.0,10705.721684297407,0.0,0.0,0.0,0.0,0.0,0.0,0.0,0.0,0.0,0.0,0.0,0.0,0.0,0.0,0.0,0.0,0.0,242.0135443952272,0.0,0.0,0.0,0.0,0.0,0.0,0.0,0.0,0.0,0.0,0.0,0.0,242.0135443952272,0.0,242.0135443952272
#266#,0.0,0.0,0.0,0.0,0.0,0.0,0.0,0.0,0.0,0.0,0.0,0.0,0.0,0.0,0.0,0.0,0.0,0.0,0.0,0.0,0.0,0.0,0.0,0.0,0.0,0.0,0.0,0.0,0.0,0.0,0.0,0.0,0.0,0.0,0.0,0.0,0.0,0.0,0.0
#267#,0.0,0.0,0.0,0.0,0.0,0.0,0.0,0.0,0.0,0.0,0.0,0.0,0.0,0.0,0.0,0.0,0.0,0.0,0.0,0.0,0.0,0.0,0.0,0.0,0.0,0.0,0.0,0.0,0.0,0.0,0.0,0.0,0.0,0.0,0.0,0.0,0.0,0.0,0.0
#268#,0.0,0.0,0.0,0.0,0.0,0.0,0.0,0.0,0.0,0.0,0.0,0.0,0.0,0.0,0.0,0.0,0.0,0.0,0.0,0.0,0.0,0.0,0.0,0.0,0.0,0.0,0.0,0.0,0.0,0.0,0.0,0.0,0.0,0.0,0.0,0.0,0.0,0.0,0.0
#269#,0.0,0.0,0.0,0.0,3284109.9469509968,0.0,0.0,0.0,0.0,0.0,0.0,0.0,0.0,0.0,0.0,0.0,0.0,0.0,0.0,0.0,0.0,0.0,84.1145878590572,0.0,0.0,0.0,0.0,0.0,0.0,0.0,0.0,0.0,0.0,0.0,0.0,0.0,84.1145878590572,0.0,84.1145878590572
#270#,0.0,0.0,3428797.4222968104,0.0,0.0,0.0,0.0,0.0,0.0,0.0,0.0,0.0,0.0,0.0,-627455.8036909574,0.0,0.0,0.0,0.0,0.0,85045.50207660624,0.0,0.0,0.0,0.0,0.0,0.0,0.0,0.0,0.0,0.0,0.0,-14184.265898237783,0.0,0.0,0.0,85045.50207660624,-14184.265898237783,70861.23617836845
#271#,0.0,0.0,0.0,0.0,0.0,0.0,0.0,172866.31704013818,0.0,0.0,0.0,0.0,0.0,0.0,0.0,0.0,0.0,0.0,0.0,0.0,0.0,0.0,0.0,0.0,0.0,172866.31704013818,0.0,0.0,0.0,0.0,0.0,0.0,0.0,0.0,0.0,0.0,172866.31704013818,0.0,172866.31704013818
#272#,0.0,0.0,0.0,0.0,0.0,0.0,0.0,0.0,0.0,0.0,0.0,0.0,0.0,0.0,0.0,0.0,0.0,0.0,0.0,0.0,0.0,0.0,0.0,0.0,0.0,0.0,0.0,0.0,0.0,0.0,0.0,0.0,0.0,0.0,0.0,0.0,0.0,0.0,0.0
#273#,0.0,0.0,0.0,0.0,0.0,500.16196193461093,0.0,0.0,0.0,0.0,0.0,0.0,0.0,0.0,0.0,0.0,0.0,0.0,0.0,0.0,0.0,0.0,0.0,11.306661311493816,0.0,0.0,0.0,0.0,0.0,0.0,0.0,0.0,0.0,0.0,0.0,0.0,11.306661311493816,0.0,11.306661311493816
#274#,0.0,0.0,0.0,0.0,0.0,0.0,0.0,102.13026043858402,0.0,0.0,0.0,0.0,0.0,0.0,0.0,0.0,0.0,0.0,0.0,0.0,0.0,0.0,0.0,0.0,0.0,102.13026043858402,0.0,0.0,0.0,0.0,0.0,0.0,0.0,0.0,0.0,0.0,102.13026043858402,0.0,102.13026043858402
#275#,0.0,11442.435660296145,189065.35750391218,0.0,0.0,0.0,0.0,0.0,0.0,0.0,0.0,0.0,0.0,0.0,0.0,0.0,-1828.4325721841446,0.0,0.0,40.40389482382546,4689.445386785929,0.0,0.0,0.0,0.0,0.0,0.0,0.0,0.0,0.0,0.0,0.0,0.0,0.0,-1828.4325721841446,0.0,4729.849281609755,-1828.4325721841446,2901.4167094256104
#276#,0.0,0.0,0.0,0.0,0.0,0.0,0.0,0.0,0.0,0.0,0.0,0.0,0.0,0.0,0.0,0.0,0.0,0.0,0.0,0.0,0.0,0.0,0.0,0.0,0.0,0.0,0.0,0.0,0.0,0.0,0.0,0.0,0.0,0.0,0.0,0.0,0.0,0.0,0.0
#277#,0.0,0.0,0.0,0.0,30737163.893113013,0.0,0.0,0.0,0.0,0.0,0.0,0.0,0.0,0.0,0.0,0.0,-202.01891790376354,0.0,0.0,0.0,0.0,0.0,787.2586224544185,0.0,0.0,0.0,0.0,0.0,0.0,0.0,0.0,0.0,0.0,0.0,-202.01891790376354,0.0,787.2586224544185,-202.01891790376354,585.239704550655
#278#,0.0,451853.252156969,0.0,0.0,11458896.175918996,0.0,0.0,0.0,0.0,0.0,0.0,0.0,0.0,0.0,0.0,0.0,0.0,0.0,0.0,1595.519679372281,0.0,0.0,293.4921012775505,0.0,0.0,0.0,0.0,0.0,0.0,0.0,0.0,0.0,0.0,0.0,0.0,0.0,1889.0117806498315,0.0,1889.0117806498315
#279#,0.0,0.0,0.0,0.0,0.0,0.0,0.0,0.9014565963784751,0.0,0.0,0.0,0.0,0.0,0.0,-3.3162900404921825e-09,0.0,0.0,0.0,0.0,0.0,0.0,0.0,0.0,0.0,0.0,0.9014565963784751,0.0,0.0,0.0,0.0,0.0,0.0,-7.496805265536628e-11,0.0,0.0,0.0,0.9014565963784751,-7.496805265536628e-11,0.901456596303507
#280#,0.0,0.0,0.0,0.0,1662268807.038859,2675115.3809139333,0.0,0.0,0.0,0.0,0.0,0.0,0.0,0.0,0.0,0.0,-5011.828137400291,0.0,0.0,0.0,0.0,0.0,42575.02272262586,60473.65830094038,0.0,0.0,0.0,0.0,0.0,0.0,0.0,0.0,0.0,0.0,-5011.828137400291,0.0,103048.68102356623,-5011.828137400291,98036.85288616593
#281#,0.0,0.0,0.0,0.0,1773052.4632901158,0.0,0.0,0.0,0.0,0.0,0.0,0.0,0.0,0.0,-250.21035185226452,0.0,0.0,0.0,0.0,0.0,0.0,0.0,45.41247997515949,0.0,0.0,0.0,0.0,0.0,0.0,0.0,0.0,0.0,-5.656255213972292,0.0,0.0,0.0,45.41247997515949,-5.656255213972292,39.7562247611872
#282#,0.0,0.0,0.0,0.0,0.0,0.0,0.0,2334.6252074190006,0.0,0.0,0.0,0.0,0.0,0.0,0.0,0.0,0.0,0.0,0.0,0.0,0.0,0.0,0.0,0.0,0.0,2334.6252074190006,0.0,0.0,0.0,0.0,0.0,0.0,0.0,0.0,0.0,0.0,2334.6252074190006,0.0,2334.6252074190006
#283#,2012482.346258183,0.0,0.0,0.0,0.0,0.0,0.0,0.0,0.0,0.0,0.0,0.0,0.0,0.0,0.0,0.0,0.0,0.0,1313.4168587963254,0.0,0.0,0.0,0.0,0.0,0.0,0.0,0.0,0.0,0.0,0.0,0.0,0.0,0.0,0.0,0.0,0.0,1313.4168587963254,0.0,1313.4168587963254
#284#,0.0,0.0,0.0,0.0,0.0,0.0,0.0,0.0,0.0,0.0,0.0,0.0,0.0,0.0,0.0,0.0,0.0,0.0,0.0,0.0,0.0,0.0,0.0,0.0,0.0,0.0,0.0,0.0,0.0,0.0,0.0,0.0,0.0,0.0,0.0,0.0,0.0,0.0,0.0
#285#,0.0,0.0,0.0,0.0,0.0,0.0,0.0,0.0,0.0,0.0,0.0,0.0,0.0,0.0,0.0,0.0,0.0,0.0,0.0,0.0,0.0,0.0,0.0,0.0,0.0,0.0,0.0,0.0,0.0,0.0,0.0,0.0,0.0,0.0,0.0,0.0,0.0,0.0,0.0
#286#,0.0,0.0,0.0,0.0,2.1898054980793e-05,0.0,0.0,0.0,0.0,0.0,0.0,0.0,0.0,0.0,-9.230263915613465e-09,0.0,0.0,0.0,0.0,0.0,0.0,0.0,5.608660792049488e-10,0.0,0.0,0.0,0.0,0.0,0.0,0.0,0.0,0.0,-2.08659346076358e-10,0.0,0.0,0.0,5.608660792049488e-10,-2.08659346076358e-10,3.522067331285908e-10
#287#,0.0,0.0,0.0,0.0,0.0,50.00458432738581,0.0,0.0,0.0,0.0,0.0,0.0,0.0,0.0,0.0,0.0,0.0,0.0,0.0,0.0,0.0,0.0,0.0,1.1304036333048837,0.0,0.0,0.0,0.0,0.0,0.0,0.0,0.0,0.0,0.0,0.0,0.0,1.1304036333048837,0.0,1.1304036333048837
#288#,110000.0,0.0,0.0,0.0,0.0,0.0,0.0,0.0,0.0,0.0,0.0,0.0,0.0,0.0,0.0,0.0,0.0,0.0,71.7898742,0.0,0.0,0.0,0.0,0.0,0.0,0.0,0.0,0.0,0.0,0.0,0.0,0.0,0.0,0.0,0.0,0.0,71.7898742,0.0,71.7898742
#289#,0.0,0.0,0.0,0.0,0.0,0.0,0.0,0.0,0.0,0.0,0.0,0.0,0.0,0.0,0.0,0.0,0.0,0.0,0.0,0.0,0.0,0.0,0.0,0.0,0.0,0.0,0.0,0.0,0.0,0.0,0.0,0.0,0.0,0.0,0.0,0.0,0.0,0.0,0.0
#290#,0.0,0.0,0.0,0.0,669.8085177039904,0.0,0.0,0.0,0.0,0.0,0.0,0.0,0.0,0.0,0.0,0.0,-0.006494809929453032,0.0,0.0,0.0,0.0,0.0,0.017155536300928188,0.0,0.0,0.0,0.0,0.0,0.0,0.0,0.0,0.0,0.0,0.0,-0.006494809929453032,0.0,0.017155536300928188,-0.006494809929453032,0.010660726371475155
#291#,0.0,445298.07318373345,0.0,0.0,0.0,5500.112708057131,0.0,0.0,0.0,0.0,0.0,0.0,0.0,0.0,0.0,0.0,0.0,0.0,0.0,1572.372967461549,0.0,0.0,0.0,124.33554787833951,0.0,0.0,0.0,0.0,0.0,0.0,0.0,0.0,0.0,0.0,0.0,0.0,1696.7085153398884,0.0,1696.7085153398884
#292#,0.0,0.0,907.9355780633531,0.0,0.0,0.0,4.94202306885612,0.0,0.0,0.0,0.0,0.0,0.0,0.0,0.0,0.0,-5.001661362487928,0.0,0.0,0.0,22.519801428772617,0.0,0.0,0.0,4.94202306885612,0.0,0.0,0.0,0.0,0.0,0.0,0.0,0.0,0.0,-5.001661362487928,0.0,27.461824497628736,-5.001661362487928,22.46016313514081
#293#,631759.762749253,0.0,0.0,0.0,0.0,0.0,0.0,0.0,0.0,0.0,0.0,0.0,0.0,0.0,0.0,0.0,0.0,0.0,412.3086717490065,0.0,0.0,0.0,0.0,0.0,0.0,0.0,0.0,0.0,0.0,0.0,0.0,0.0,0.0,0.0,0.0,0.0,412.3086717490065,0.0,412.3086717490065
#294#,0.0,0.0,0.0,0.0,0.0,1391.1862856297096,0.0,0.0,0.0,0.0,0.0,0.0,0.0,0.0,0.0,0.0,0.0,0.0,0.0,0.0,0.0,0.0,0.0,31.449157172945217,0.0,0.0,0.0,0.0,0.0,0.0,0.0,0.0,0.0,0.0,0.0,0.0,31.449157172945217,0.0,31.449157172945217
